cusnbr,activity,share_pct,cum_share_pct,rank
1067595,212420.0,10.52587764373358,10.52587764373358,1
919203,188391.0,9.335187906885476,19.861065550619056,2
1064799,180451.0,8.941743464313003,28.80280901493206,3
552321,154824.0,7.67186931698243,36.47467833191449,4
1068464,117745.0,5.834523411926421,42.30920174384091,5
919312,97725.0,4.842488432039658,47.15169017588057,6
1067985,89542.0,4.437002805645383,51.58869298152595,7
906311,61314.0,3.038243394444406,54.62693637597036,8
1046561,52508.0,2.601886749445263,57.22882312541562,9
917793,50897.0,2.522058160404425,59.75088128582005,10
1069179,37171.0,1.8419047071613825,61.59278599298143,11
917639,33639.0,1.6668863480724692,63.2596723410539,12
927715,32875.0,1.6290284697191482,64.88870081077305,13
1067754,29969.0,1.485029785825495,66.37373059659853,14
55560,23280.0,1.1535751414467457,67.52730573804529,15
918529,23244.0,1.1517912623620343,68.67909700040732,16
1068015,21063.0,1.0437179211465981,69.72281492155392,17
1067538,19895.0,0.9858409552870707,70.708655876841,18
1065168,18962.0,0.9396087556749654,71.64826463251596,19
1065835,18473.0,0.915377731440968,72.56364236395693,20
1064723,17778.0,0.8809389546666773,73.4445813186236,21
918033,17497.0,0.8670147873665683,74.31159610599018,22
1069153,17389.0,0.8616631501124339,75.17325925610261,23
918982,17290.0,0.8567574826294774,76.03001673873209,24
1067681,16898.0,0.8373330214848415,76.86734976021692,25
918977,16782.0,0.8315849666563268,77.69893472687325,26
146807,16639.0,0.8244990025142784,78.52343372938752,27
1064923,15858.0,0.7857987368153992,79.30923246620291,28
1068673,15824.0,0.7841139621242829,80.0933464283272,29
919569,15360.0,0.761121742810224,80.85446817113741,30
614396,14794.0,0.733075199422816,81.58754337056023,31
919394,14646.0,0.72574147429678,82.31328484485701,32
1173475,13933.0,0.6904107579801335,83.00369560283714,33
917166,12628.0,0.625745141159343,83.62944074399648,34
919100,12260.0,0.607509932737848,84.23695067673432,35
1065581,12137.0,0.6014150125317506,84.83836568926607,36
1066907,11862.0,0.5877881584124269,85.42615384767849,37
614283,10697.0,0.5300598491432921,85.95621369682178,38
1067474,10027.0,0.4968598772889399,86.45307357411072,39
1065134,8288.0,0.4106886070580167,86.86376218116874,40
1068237,7951.0,0.3939895167372455,87.25775169790599,41
917474,7942.0,0.39354354696606764,87.65129524487206,42
1068032,7884.0,0.3906695195518103,88.04196476442387,43
1068447,7083.0,0.35097820991698025,88.39294297434084,44
918601,7043.0,0.3489961220450786,88.74193909638592,45
1069066,6761.0,0.33502240254817217,89.0769614989341,46
1070299,6621.0,0.3280850949965165,89.4050465939306,47
1060272,6562.0,0.32516151538546156,89.73020810931607,48
1069110,6265.0,0.31044451293659203,90.04065262225267,49
1067281,6159.0,0.3051919800760527,90.34584460232871,50
1047350,6049.0,0.29974123842832323,90.64558584075704,51
1064808,5739.0,0.28438005742108563,90.92996589817812,52
1068996,5692.0,0.28205110417160123,91.21201700234973,53
634028,5096.0,0.25251799488026705,91.46453499722999,54
1051286,4782.0,0.23695860508583927,91.70149360231584,55
1050813,4467.0,0.22134966309461399,91.92284326541045,56
1064725,4460.0,0.22100279771703119,92.14384606312748,57
690003,4441.0,0.22006130597787793,92.36390736910536,58
1065461,4315.0,0.2138177291813878,92.57772509828675,59
1065336,4057.0,0.20103326240762232,92.77875836069437,60
1067738,3784.0,0.18750551268189372,92.96626387337626,61
1085574,3590.0,0.17789238650317085,93.14415625987944,62
919043,3479.0,0.17239209265864383,93.31654835253808,63
917212,3380.0,0.16748642517568732,93.48403477771376,64
1067390,3319.0,0.16446374117103735,93.6484985188848,65
1046847,3208.0,0.15896344732651033,93.8074619662113,66
1066958,3128.0,0.15499927158270707,93.96246123779402,67
1000802,3123.0,0.15475151059871936,94.11721274839273,68
1067727,2734.0,0.13547570604447606,94.2526884544372,69
1051206,2693.0,0.1334440659757769,94.38613252041299,70
1045062,2661.0,0.1318583956782556,94.51799091609124,71
1067825,2427.0,0.1202631816276311,94.63825409771887,72
1067643,2264.0,0.11218617354963198,94.7504402712685,73
9000037,2169.0,0.10747871485386562,94.85791898612237,74
691334,2061.0,0.10212707759973123,94.9600460637221,75
9000023,2059.0,0.10202797320613614,95.06207403692824,76
919426,1975.0,0.09786558867514274,95.15993962560339,77
841335,1899.0,0.09409962171852965,95.25403924732191,78
1057100,1881.0,0.09320768217617392,95.34724692949808,79
1050385,1865.0,0.09241484702741326,95.4396617765255,80
42431,1803.0,0.08934261082596574,95.52900438735146,81
1048756,1749.0,0.08666679219889856,95.61567117955036,82
919651,1608.0,0.07967993245044533,95.69535111200081,83
903112,1578.0,0.07819336654651911,95.77354447854732,84
1045205,1517.0,0.07517068254186914,95.84871516108919,85
1046291,1512.0,0.07492292155788143,95.92363808264707,86
918840,1504.0,0.0745265039835011,95.99816458663058,87
1067913,1441.0,0.07140471558525605,96.06956930221584,88
1047141,1438.0,0.07125605899486342,96.1408253612107,89
1077434,1426.0,0.07066143263329293,96.21148679384399,90
1045211,1406.0,0.06967038869734211,96.28115718254134,91
1024684,1370.0,0.06788650961263065,96.34904369215397,92
1049313,1367.0,0.06773785302223803,96.4167815451762,93
9000029,1303.0,0.06456651242719544,96.4813480576034,94
1067603,1302.0,0.0645169602303979,96.54586501783379,95
1067352,1236.0,0.06124651524176021,96.60711153307555,96
1062791,1134.0,0.05619219116841107,96.66330372424396,97
919665,1130.0,0.05599398238122091,96.71929770662518,98
1065309,1089.0,0.05396234231252174,96.7732600489377,99
917641,997.0,0.049403540207148,96.82266358914485,100
906580,982.0,0.04866025725518489,96.87132384640003,101
268758,934.0,0.04628175180890295,96.91760559820894,102
707247,932.0,0.046182647415307865,96.96378824562424,103
904459,922.0,0.04568712544733246,97.00947537107157,104
1045612,916.0,0.04538981226654721,97.05486518333812,105
1069361,902.0,0.044696081511381644,97.0995612648495,106
1067687,834.0,0.04132653212914888,97.14088779697865,107
1045581,801.0,0.039691309634830044,97.18057910661348,108
1049803,793.0,0.03929489206044971,97.21987399867393,109
1049811,788.0,0.039047131076462016,97.25892112975039,110
552326,776.0,0.038452504714891526,97.29737363446529,111
1030826,737.0,0.036519969039787444,97.33389360350508,112
865037,710.0,0.03518205972625384,97.36907566323133,113
899989,700.0,0.034686537758278436,97.4037622009896,114
1050908,673.0,0.03334862844474484,97.43711082943435,115
146897,667.0,0.033051315263959595,97.4701621446983,116
1065586,657.0,0.03255579329598419,97.50271793799429,117
1046828,653.0,0.03235758450879403,97.53507552250308,118
576275,628.0,0.031118779588855512,97.56619430209193,119
1049594,619.0,0.030672809817677647,97.5968671119096,120
1067721,617.0,0.030573705424082567,97.62744081733369,121
856180,614.0,0.030425048833689943,97.65786586616738,122
553912,584.0,0.028938482929763726,97.68680434909714,123
903735,582.0,0.028839378536168643,97.7156437276333,124
1049629,578.0,0.02864116974897848,97.74428489738229,125
882012,572.0,0.028343856568193236,97.77262875395049,126
856338,571.0,0.028294304371395698,97.80092305832189,127
1046579,554.0,0.027451917025837505,97.82837497534773,128
1029786,551.0,0.027303260435444884,97.85567823578317,129
1049495,549.0,0.027204156041849805,97.88288239182502,130
9000044,546.0,0.02705549945145718,97.90993789127648,131
889859,539.0,0.026708634073874398,97.93664652535035,132
1045203,526.0,0.02606445551550637,97.96271098086586,133
1068054,524.0,0.025965351121911288,97.98867633198778,134
906933,517.0,0.025618485744328505,98.01429481773211,135
856636,491.0,0.024330128627592446,98.0386249463597,136
1046930,487.0,0.024131919840402284,98.0627568662001,137
1050912,479.0,0.02373550226602196,98.08649236846612,138
810504,465.0,0.02304177151085639,98.10953413997699,139
3200005,448.0,0.0221993841652982,98.13173352414229,140
1046564,448.0,0.0221993841652982,98.1539329083076,141
917465,438.0,0.021703862197322794,98.17563677050492,142
1045327,431.0,0.021356996819740008,98.19699376732466,143
27454,426.0,0.021109235835752308,98.21810300316041,144
902908,425.0,0.021059683638954767,98.23916268679936,145
872160,411.0,0.020365952883789198,98.25952863968315,146
1049289,398.0,0.01972177432542117,98.27925041400857,147
1065175,392.0,0.019424461144635925,98.29867487515321,148
1045979,388.0,0.019226252357445763,98.31790112751065,149
1085917,376.0,0.018631625995875273,98.33653275350653,150
1048871,368.0,0.01823520842149495,98.35476796192803,151
1046550,361.0,0.017888343043912167,98.37265630497194,152
55510,359.0,0.017789238650317084,98.39044554362226,153
1047609,356.0,0.017640582059924463,98.40808612568219,154
9000012,350.0,0.017343268879139218,98.42542939456133,155
1067730,346.0,0.017145060091949056,98.44257445465328,156
9000019,343.0,0.016996403501556435,98.45957085815483,157
1048948,342.0,0.016946851304758894,98.47651770945959,158
1030424,332.0,0.016451329336783487,98.49296903879637,159
179662,331.0,0.016401777139985946,98.50937081593636,160
1049291,319.0,0.01580715077841546,98.52517796671478,161
1046697,317.0,0.015708046384820377,98.5408860130996,162
1045599,310.0,0.015361181007237594,98.55624719410683,163
918633,305.0,0.01511342002324989,98.57136061413009,164
109123,302.0,0.014964763432857268,98.58632537756294,165
1022809,301.0,0.014915211236059728,98.601240588799,166
905716,301.0,0.014915211236059728,98.61615580003506,167
891043,296.0,0.014667450252072025,98.63082325028714,168
1046177,290.0,0.014370137071286782,98.64519338735842,169
1058604,285.0,0.014122376087299078,98.65931576344572,170
1067448,284.0,0.014072823890501537,98.67338858733622,171
1046787,281.0,0.013924167300108916,98.68731275463632,172
866454,274.0,0.013577301922526132,98.70089005655885,173
904860,272.0,0.01347819752893105,98.71436825408777,174
1050301,269.0,0.013329540938538428,98.72769779502632,175
883313,259.0,0.012834018970563021,98.74053181399688,176
9000065,256.0,0.0126853623801704,98.75321717637705,177
879109,249.0,0.012338497002587616,98.76555567337964,178
1046133,246.0,0.012189840412194994,98.77774551379183,179
875816,245.0,0.012140288215397452,98.78988580200722,180
866228,242.0,0.011991631625004832,98.80187743363223,181
881504,238.0,0.01179342283781467,98.81367085647004,182
917289,237.0,0.011743870641017128,98.82541472711105,183
1049743,235.0,0.011644766247422047,98.83705949335848,184
1046397,233.0,0.011545661853826966,98.84860515521231,185
691126,233.0,0.011545661853826966,98.86015081706614,186
1173491,229.0,0.011347453066636802,98.87149827013278,187
1049670,227.0,0.011248348673041721,98.88274661880581,188
1067755,222.0,0.01100058768905402,98.89374720649487,189
1050101,221.0,0.010951035492256478,98.90469824198712,190
1061460,219.0,0.010851931098661397,98.91555017308578,191
1086007,214.0,0.010604170114673694,98.92615434320045,192
1024907,211.0,0.010455513524281071,98.93660985672473,193
1025905,211.0,0.010455513524281071,98.947065370249,194
1049813,207.0,0.01025730473709091,98.9573226749861,195
838007,207.0,0.01025730473709091,98.9675799797232,196
1152023,203.0,0.010059095949900747,98.9776390756731,197
863424,203.0,0.010059095949900747,98.987698171623,198
9000014,195.0,0.009662678375520421,98.99736084999851,199
1067596,194.0,0.009613126178722882,99.00697397617724,200
890352,190.0,0.00941491739153272,99.01638889356877,201
1069079,187.0,0.009266260801140097,99.02565515436991,202
1055486,184.0,0.009117604210747475,99.03477275858066,203
1049575,184.0,0.009117604210747475,99.0438903627914,204
1086852,181.0,0.008968947620354854,99.05285931041176,205
1068071,180.0,0.008919395423557313,99.06177870583532,206
1076865,179.0,0.008869843226759771,99.07064854906208,207
862663,179.0,0.008869843226759771,99.07951839228885,208
884092,178.0,0.008820291029962232,99.08833868331881,209
1081397,178.0,0.008820291029962232,99.09715897434877,210
1046347,178.0,0.008820291029962232,99.10597926537874,211
895932,173.0,0.008572530045974528,99.11455179542472,212
1086500,173.0,0.008572530045974528,99.1231243254707,213
687009,173.0,0.008572530045974528,99.13169685551668,214
903816,172.0,0.008522977849176987,99.14021983336586,215
56352,170.0,0.008423873455581906,99.14864370682145,216
1049921,170.0,0.008423873455581906,99.15706758027703,217
1068947,169.0,0.008374321258784366,99.16544190153581,218
873923,166.0,0.008225664668391744,99.1736675662042,219
1046175,161.0,0.00797790368440404,99.18164546988861,220
917468,158.0,0.00782924709401142,99.18947471698262,221
637054,158.0,0.00782924709401142,99.19730396407662,222
615413,153.0,0.007581486110023716,99.20488545018665,223
856105,151.0,0.007482381716428634,99.21236783190308,224
123456,151.0,0.007482381716428634,99.21985021361951,225
9000091,150.0,0.0074328295196310935,99.22728304313914,226
1049632,150.0,0.0074328295196310935,99.23471587265877,227
856332,150.0,0.0074328295196310935,99.2421487021784,228
35989,146.0,0.0072346207324409315,99.24938332291084,229
1049025,145.0,0.007185068535643391,99.25656839144649,230
918926,141.0,0.006986859748453228,99.26355525119494,231
1161210,141.0,0.006986859748453228,99.2705421109434,232
802509,138.0,0.006838203158060606,99.27738031410145,233
906758,134.0,0.0066399943708704435,99.28402030847232,234
1061697,133.0,0.006590442174072903,99.2906107506464,235
1046078,132.0,0.0065408899772753624,99.29715164062367,236
691230,132.0,0.0065408899772753624,99.30369253060094,237
904862,130.0,0.006441785583680281,99.31013431618462,238
1051958,130.0,0.006441785583680281,99.31657610176829,239
144005,129.0,0.006392233386882741,99.32296833515517,240
856726,129.0,0.006392233386882741,99.32936056854204,241
1050298,128.0,0.0063426811900852,99.33570324973213,242
1067695,126.0,0.0062435767964901185,99.34194682652863,243
1050747,125.0,0.006194024599692578,99.34814085112832,244
775541,123.0,0.006094920206097497,99.35423577133442,245
1050247,123.0,0.006094920206097497,99.36033069154051,246
1045180,122.0,0.006045368009299956,99.36637605954981,247
1048916,122.0,0.006045368009299956,99.3724214275591,248
552320,122.0,0.006045368009299956,99.3784667955684,249
856380,120.0,0.005946263615704875,99.3844130591841,250
903069,116.0,0.005748054828514712,99.39016111401261,251
16305,115.0,0.005698502631717172,99.39585961664433,252
866881,115.0,0.005698502631717172,99.40155811927605,253
899950,114.0,0.005648950434919631,99.40720706971096,254
1067752,113.0,0.005599398238122091,99.41280646794908,255
865651,113.0,0.005599398238122091,99.4184058661872,256
868077,113.0,0.005599398238122091,99.42400526442532,257
1050750,109.0,0.005401189450931928,99.42940645387625,258
890648,107.0,0.005302085057336847,99.43470853893359,259
890574,106.0,0.005252532860539306,99.43996107179413,260
1049738,105.0,0.005202980663741766,99.44516405245787,261
889234,104.0,0.005153428466944225,99.45031748092481,262
1049782,102.0,0.005054324073349143,99.45537180499817,263
1077575,102.0,0.005054324073349143,99.46042612907152,264
1048779,101.0,0.005004771876551603,99.46543090094808,265
881077,100.0,0.004955219679754062,99.47038612062784,266
1074884,98.0,0.004856115286158981,99.475242235914,267
1050106,97.0,0.004806563089361441,99.48004879900336,268
1007387,96.0,0.0047570108925639,99.48480580989592,269
1060510,95.0,0.00470745869576636,99.48951326859168,270
1154239,94.0,0.004657906498968818,99.49417117509064,271
1052011,94.0,0.004657906498968818,99.4988290815896,272
1066364,92.0,0.004558802105373737,99.50338788369498,273
1050297,91.0,0.004509249908576197,99.50789713360356,274
1046665,89.0,0.004410145514981116,99.51230727911855,275
1050281,89.0,0.004410145514981116,99.51671742463353,276
573414,89.0,0.004410145514981116,99.52112757014851,277
1050214,89.0,0.004410145514981116,99.52553771566349,278
1045631,88.0,0.004360593318183575,99.52989830898167,279
881080,88.0,0.004360593318183575,99.53425890229985,280
1045443,88.0,0.004360593318183575,99.53861949561804,281
11060,86.0,0.004261488924588493,99.54288098454262,282
1050276,84.0,0.004162384530993412,99.54704336907362,283
881092,84.0,0.004162384530993412,99.55120575360462,284
889877,83.0,0.004112832334195872,99.55531858593882,285
912823,83.0,0.004112832334195872,99.55943141827302,286
553488,81.0,0.004013727940600791,99.56344514621362,287
292821,81.0,0.004013727940600791,99.56745887415423,288
4169010,80.0,0.00396417574380325,99.57142304989803,289
862138,80.0,0.00396417574380325,99.57538722564183,290
856006,79.0,0.00391462354700571,99.57930184918884,291
856277,79.0,0.00391462354700571,99.58321647273584,292
903737,77.0,0.0038155191534106282,99.58703199188925,293
1051335,75.0,0.0037164147598155468,99.59074840664907,294
900518,75.0,0.0037164147598155468,99.59446482140889,295
894322,73.0,0.0036173103662204657,99.59808213177512,296
1068183,73.0,0.0036173103662204657,99.60169944214134,297
1008305,71.0,0.0035182059726253843,99.60521764811396,298
1050708,70.0,0.0034686537758278437,99.60868630188979,299
57834,70.0,0.0034686537758278437,99.61215495566562,300
1285121,69.0,0.003419101579030303,99.61557405724464,301
1236820,69.0,0.003419101579030303,99.61899315882367,302
1021213,68.0,0.0033695493822327627,99.6223627082059,303
1047023,68.0,0.0033695493822327627,99.62573225758813,304
873741,67.0,0.0033199971854352217,99.62905225477355,305
907640,66.0,0.0032704449886376812,99.6323226997622,306
1004988,65.0,0.0032208927918401407,99.63554359255404,307
139534,64.0,0.0031713405950426,99.63871493314909,308
1067725,62.0,0.0030722362014475187,99.64178716935054,309
359573,61.0,0.003022684004649978,99.64480985335518,310
1049140,61.0,0.003022684004649978,99.64783253735983,311
1068514,61.0,0.003022684004649978,99.65085522136448,312
33710,61.0,0.003022684004649978,99.65387790536913,313
881074,60.0,0.0029731318078524377,99.65685103717698,314
1047591,59.0,0.0029235796110548967,99.65977461678803,315
1067613,59.0,0.0029235796110548967,99.66269819639908,316
1058507,59.0,0.0029235796110548967,99.66562177601013,317
1051177,58.0,0.002874027414257356,99.66849580342438,318
1051294,58.0,0.002874027414257356,99.67136983083863,319
898504,58.0,0.002874027414257356,99.67424385825288,320
1048861,58.0,0.002874027414257356,99.67711788566713,321
552333,57.0,0.0028244752174598157,99.6799423608846,322
55561,56.0,0.002774923020662275,99.68271728390526,323
7000293,55.0,0.002725370823864734,99.68544265472913,324
1074437,55.0,0.002725370823864734,99.688168025553,325
1046777,54.0,0.0026758186270671937,99.69084384418007,326
1045185,54.0,0.0026758186270671937,99.69351966280713,327
1048857,54.0,0.0026758186270671937,99.6961954814342,328
856500,54.0,0.0026758186270671937,99.69887130006127,329
919654,52.0,0.0025767142334721127,99.70144801429474,330
7001210,52.0,0.0025767142334721127,99.70402472852821,331
1050812,50.0,0.002477609839877031,99.70650233836808,332
1050807,50.0,0.002477609839877031,99.70897994820795,333
917293,50.0,0.002477609839877031,99.71145755804783,334
1057710,50.0,0.002477609839877031,99.7139351678877,335
881009,50.0,0.002477609839877031,99.71641277772757,336
904864,49.0,0.0024280576430794907,99.71884083537064,337
9000022,49.0,0.0024280576430794907,99.72126889301371,338
346807,48.0,0.00237850544628195,99.72364739846,339
1068905,47.0,0.002328953249484409,99.72597635170949,340
1050391,46.0,0.0022794010526868687,99.72825575276218,341
1053072,46.0,0.0022794010526868687,99.73053515381487,342
1048962,46.0,0.0022794010526868687,99.73281455486756,343
34500,46.0,0.0022794010526868687,99.73509395592025,344
1054528,46.0,0.0022794010526868687,99.73737335697294,345
1027103,45.0,0.002229848855889328,99.73960320582883,346
1048887,45.0,0.002229848855889328,99.74183305468472,347
1048997,45.0,0.002229848855889328,99.74406290354061,348
1154161,44.0,0.0021802966590917876,99.7462432001997,349
1050088,44.0,0.0021802966590917876,99.74842349685879,350
696283,44.0,0.0021802966590917876,99.75060379351788,351
1173625,44.0,0.0021802966590917876,99.75278409017697,352
868925,44.0,0.0021802966590917876,99.75496438683606,353
234640,44.0,0.0021802966590917876,99.75714468349516,354
871456,44.0,0.0021802966590917876,99.75932498015425,355
1045280,44.0,0.0021802966590917876,99.76150527681334,356
326506,42.0,0.002081192265496706,99.76358646907883,357
444255,42.0,0.002081192265496706,99.76566766134432,358
1066487,41.0,0.0020316400686991656,99.76769930141302,359
4164650,41.0,0.0020316400686991656,99.76973094148171,360
1049764,41.0,0.0020316400686991656,99.7717625815504,361
1049804,41.0,0.0020316400686991656,99.7737942216191,362
163387,41.0,0.0020316400686991656,99.77582586168779,363
1051460,40.0,0.001982087871901625,99.77780794955969,364
7001195,40.0,0.001982087871901625,99.77979003743158,365
863688,40.0,0.001982087871901625,99.78177212530348,366
1050426,40.0,0.001982087871901625,99.78375421317537,367
670280,39.0,0.0019325356751040844,99.78568674885048,368
868682,39.0,0.0019325356751040844,99.78761928452559,369
666004,39.0,0.0019325356751040844,99.7895518202007,370
1008209,39.0,0.0019325356751040844,99.79148435587581,371
1066507,39.0,0.0019325356751040844,99.79341689155092,372
553442,39.0,0.0019325356751040844,99.79534942722603,373
889828,38.0,0.0018829834783065439,99.79723241070434,374
42482,38.0,0.0018829834783065439,99.79911539418265,375
56924,38.0,0.0018829834783065439,99.80099837766096,376
1051164,37.0,0.0018334312815090031,99.80283180894247,377
1045330,36.0,0.0017838790847114626,99.80461568802718,378
1049812,36.0,0.0017838790847114626,99.8063995671119,379
1048786,34.0,0.0016847746911163813,99.80808434180301,380
1156736,34.0,0.0016847746911163813,99.80976911649412,381
1050314,33.0,0.0016352224943188406,99.81140433898844,382
1051685,33.0,0.0016352224943188406,99.81303956148275,383
43329,32.0,0.0015856702975213,99.81462523178027,384
1074860,32.0,0.0015856702975213,99.81621090207778,385
1050848,32.0,0.0015856702975213,99.8177965723753,386
1048753,31.0,0.0015361181007237594,99.81933269047603,387
867764,31.0,0.0015361181007237594,99.82086880857676,388
4105653,31.0,0.0015361181007237594,99.82240492667749,389
140352,31.0,0.0015361181007237594,99.82394104477822,390
43163,31.0,0.0015361181007237594,99.82547716287895,391
74298,31.0,0.0015361181007237594,99.82701328097968,392
9000001,30.0,0.0014865659039262188,99.82849984688362,393
901637,30.0,0.0014865659039262188,99.82998641278755,394
1051187,29.0,0.001437013707128678,99.83142342649468,395
1067723,29.0,0.001437013707128678,99.83286044020181,396
880641,29.0,0.001437013707128678,99.83429745390895,397
58874,29.0,0.001437013707128678,99.83573446761608,398
1055494,29.0,0.001437013707128678,99.83717148132321,399
918738,28.0,0.0013874615103311376,99.83855894283354,400
820248,28.0,0.0013874615103311376,99.83994640434388,401
50542,28.0,0.0013874615103311376,99.84133386585421,402
906199,28.0,0.0013874615103311376,99.84272132736454,403
1049810,27.0,0.0013379093135335968,99.84405923667808,404
1051354,27.0,0.0013379093135335968,99.84539714599161,405
1051330,27.0,0.0013379093135335968,99.84673505530515,406
1048993,27.0,0.0013379093135335968,99.84807296461868,407
907049,27.0,0.0013379093135335968,99.84941087393221,408
1046687,26.0,0.0012883571167360563,99.85069923104895,409
7001217,26.0,0.0012883571167360563,99.85198758816568,410
882108,26.0,0.0012883571167360563,99.85327594528242,411
904861,25.0,0.0012388049199385156,99.85451475020236,412
905188,25.0,0.0012388049199385156,99.85575355512229,413
890077,24.0,0.001189252723140975,99.85694280784543,414
603329,24.0,0.001189252723140975,99.85813206056856,415
616502,23.0,0.0011397005263434343,99.8592717610949,416
1057563,23.0,0.0011397005263434343,99.86041146162124,417
872752,23.0,0.0011397005263434343,99.86155116214758,418
865552,23.0,0.0011397005263434343,99.86269086267392,419
1048855,22.0,0.0010901483295458938,99.86378101100347,420
1024445,22.0,0.0010901483295458938,99.86487115933302,421
1351625,22.0,0.0010901483295458938,99.86596130766257,422
598486,22.0,0.0010901483295458938,99.86705145599213,423
1060492,22.0,0.0010901483295458938,99.86814160432168,424
1049601,21.0,0.001040596132748353,99.86918220045443,425
1048928,21.0,0.001040596132748353,99.87022279658719,426
1048775,20.0,0.0009910439359508126,99.87121384052314,427
1046731,20.0,0.0009910439359508126,99.8722048844591,428
1045452,20.0,0.0009910439359508126,99.87319592839505,429
1046975,19.0,0.0009414917391532719,99.8741374201342,430
7001216,19.0,0.0009414917391532719,99.87507891187336,431
1069268,19.0,0.0009414917391532719,99.87602040361251,432
1067606,18.0,0.0008919395423557313,99.87691234315487,433
1049959,18.0,0.0008919395423557313,99.87780428269723,434
146803,18.0,0.0008919395423557313,99.87869622223958,435
856303,18.0,0.0008919395423557313,99.87958816178194,436
903741,18.0,0.0008919395423557313,99.8804801013243,437
1046647,18.0,0.0008919395423557313,99.88137204086665,438
1049173,17.0,0.0008423873455581907,99.88221442821221,439
545056,17.0,0.0008423873455581907,99.88305681555777,440
498749,17.0,0.0008423873455581907,99.88389920290332,441
29965,17.0,0.0008423873455581907,99.88474159024888,442
4129550,17.0,0.0008423873455581907,99.88558397759444,443
1046753,16.0,0.00079283514876065,99.8863768127432,444
1050238,16.0,0.00079283514876065,99.88716964789195,445
1092357,16.0,0.00079283514876065,99.88796248304071,446
32804,16.0,0.00079283514876065,99.88875531818947,447
1046562,16.0,0.00079283514876065,99.88954815333823,448
918566,16.0,0.00079283514876065,99.89034098848698,449
918496,15.0,0.0007432829519631094,99.89108427143894,450
4180850,15.0,0.0007432829519631094,99.8918275543909,451
1173501,15.0,0.0007432829519631094,99.89257083734286,452
865531,15.0,0.0007432829519631094,99.89331412029482,453
863344,15.0,0.0007432829519631094,99.89405740324678,454
53018,15.0,0.0007432829519631094,99.89480068619874,455
1245176,15.0,0.0007432829519631094,99.8955439691507,456
904859,15.0,0.0007432829519631094,99.89628725210265,457
919238,14.0,0.0006937307551655688,99.89698098285781,458
1064845,14.0,0.0006937307551655688,99.89767471361297,459
1051287,14.0,0.0006937307551655688,99.89836844436813,460
4116970,14.0,0.0006937307551655688,99.89906217512329,461
1045364,14.0,0.0006937307551655688,99.89975590587845,462
1049785,14.0,0.0006937307551655688,99.90044963663361,463
1064831,14.0,0.0006937307551655688,99.90114336738877,464
889843,14.0,0.0006937307551655688,99.90183709814393,465
904636,14.0,0.0006937307551655688,99.90253082889909,466
506350,14.0,0.0006937307551655688,99.90322455965425,467
694416,14.0,0.0006937307551655688,99.90391829040941,468
903738,13.0,0.0006441785583680282,99.90456246896778,469
4150350,13.0,0.0006441785583680282,99.90520664752616,470
7001215,13.0,0.0006441785583680282,99.90585082608453,471
1326952,13.0,0.0006441785583680282,99.9064950046429,472
1051362,13.0,0.0006441785583680282,99.90713918320128,473
766797,13.0,0.0006441785583680282,99.90778336175966,474
4111780,13.0,0.0006441785583680282,99.90842754031803,475
485113,13.0,0.0006441785583680282,99.9090717188764,476
918791,12.0,0.0005946263615704875,99.90966634523798,477
6500171,12.0,0.0005946263615704875,99.91026097159956,478
1067745,12.0,0.0005946263615704875,99.91085559796113,479
863995,12.0,0.0005946263615704875,99.9114502243227,480
918235,12.0,0.0005946263615704875,99.91204485068428,481
4107700,12.0,0.0005946263615704875,99.91263947704586,482
14758,12.0,0.0005946263615704875,99.91323410340743,483
1233449,12.0,0.0005946263615704875,99.91382872976901,484
429885,12.0,0.0005946263615704875,99.91442335613058,485
898968,12.0,0.0005946263615704875,99.91501798249216,486
1086237,12.0,0.0005946263615704875,99.91561260885373,487
31204,12.0,0.0005946263615704875,99.91620723521531,488
904856,12.0,0.0005946263615704875,99.91680186157689,489
1009682,12.0,0.0005946263615704875,99.91739648793846,490
1048759,11.0,0.0005450741647729469,99.91794156210324,491
1009492,11.0,0.0005450741647729469,99.91848663626801,492
7000284,11.0,0.0005450741647729469,99.91903171043279,493
4104110,11.0,0.0005450741647729469,99.91957678459757,494
4183100,11.0,0.0005450741647729469,99.92012185876234,495
856307,11.0,0.0005450741647729469,99.92066693292712,496
1046712,11.0,0.0005450741647729469,99.9212120070919,497
1066026,11.0,0.0005450741647729469,99.92175708125667,498
841337,11.0,0.0005450741647729469,99.92230215542145,499
505938,11.0,0.0005450741647729469,99.92284722958622,500
7000810,10.0,0.0004955219679754063,99.9233427515542,501
1069077,10.0,0.0004955219679754063,99.92383827352218,502
1082653,10.0,0.0004955219679754063,99.92433379549016,503
4118450,10.0,0.0004955219679754063,99.92482931745813,504
7001230,10.0,0.0004955219679754063,99.92532483942611,505
1048785,10.0,0.0004955219679754063,99.92582036139409,506
1058300,10.0,0.0004955219679754063,99.92631588336207,507
1045629,10.0,0.0004955219679754063,99.92681140533004,508
917183,10.0,0.0004955219679754063,99.92730692729802,509
1045283,10.0,0.0004955219679754063,99.927802449266,510
1348850,9.0,0.00044596977117786565,99.92824841903717,511
7001226,9.0,0.00044596977117786565,99.92869438880835,512
7001281,9.0,0.00044596977117786565,99.92914035857953,513
1068823,9.0,0.00044596977117786565,99.92958632835071,514
1235750,9.0,0.00044596977117786565,99.93003229812189,515
872254,9.0,0.00044596977117786565,99.93047826789306,516
4145665,9.0,0.00044596977117786565,99.93092423766424,517
1140109,9.0,0.00044596977117786565,99.93137020743542,518
1064920,9.0,0.00044596977117786565,99.9318161772066,519
1057121,9.0,0.00044596977117786565,99.93226214697778,520
903742,9.0,0.00044596977117786565,99.93270811674896,521
1065060,9.0,0.00044596977117786565,99.93315408652013,522
920093,8.0,0.000396417574380325,99.93355050409451,523
7000808,8.0,0.000396417574380325,99.93394692166889,524
1045271,8.0,0.000396417574380325,99.93434333924327,525
857294,8.0,0.000396417574380325,99.93473975681765,526
3200003,8.0,0.000396417574380325,99.93513617439203,527
1048908,8.0,0.000396417574380325,99.9355325919664,528
3001966,8.0,0.000396417574380325,99.93592900954079,529
272310,8.0,0.000396417574380325,99.93632542711516,530
1048931,8.0,0.000396417574380325,99.93672184468954,531
7001227,8.0,0.000396417574380325,99.93711826226392,532
4163760,8.0,0.000396417574380325,99.9375146798383,533
4159488,8.0,0.000396417574380325,99.93791109741268,534
1218375,8.0,0.000396417574380325,99.93830751498706,535
1348449,8.0,0.000396417574380325,99.93870393256144,536
13289,8.0,0.000396417574380325,99.93910035013582,537
72902,7.0,0.0003468653775827844,99.9394472155134,538
1051332,7.0,0.0003468653775827844,99.93979408089098,539
1158158,7.0,0.0003468653775827844,99.94014094626856,540
727255,7.0,0.0003468653775827844,99.94048781164614,541
9000038,7.0,0.0003468653775827844,99.94083467702372,542
771504,7.0,0.0003468653775827844,99.9411815424013,543
866289,7.0,0.0003468653775827844,99.94152840777888,544
860826,7.0,0.0003468653775827844,99.94187527315646,545
7000669,7.0,0.0003468653775827844,99.94222213853404,546
4118735,7.0,0.0003468653775827844,99.94256900391161,547
1054741,7.0,0.0003468653775827844,99.9429158692892,548
923730,7.0,0.0003468653775827844,99.94326273466677,549
7001220,7.0,0.0003468653775827844,99.94360960004435,550
1296234,7.0,0.0003468653775827844,99.94395646542193,551
119600,7.0,0.0003468653775827844,99.94430333079951,552
1089347,7.0,0.0003468653775827844,99.9446501961771,553
4171745,7.0,0.0003468653775827844,99.94499706155467,554
1050920,7.0,0.0003468653775827844,99.94534392693225,555
1247140,7.0,0.0003468653775827844,99.94569079230983,556
1047120,7.0,0.0003468653775827844,99.94603765768741,557
1049961,7.0,0.0003468653775827844,99.94638452306499,558
534880,7.0,0.0003468653775827844,99.94673138844257,559
7001806,7.0,0.0003468653775827844,99.94707825382015,560
1170859,6.0,0.00029731318078524377,99.94737556700093,561
1070051,6.0,0.00029731318078524377,99.94767288018171,562
572063,6.0,0.00029731318078524377,99.9479701933625,563
1051501,6.0,0.00029731318078524377,99.94826750654327,564
896146,6.0,0.00029731318078524377,99.94856481972406,565
899417,6.0,0.00029731318078524377,99.94886213290484,566
7000671,6.0,0.00029731318078524377,99.94915944608562,567
1058808,6.0,0.00029731318078524377,99.9494567592664,568
1152028,6.0,0.00029731318078524377,99.94975407244718,569
7000269,6.0,0.00029731318078524377,99.95005138562796,570
3200007,6.0,0.00029731318078524377,99.95034869880874,571
919160,6.0,0.00029731318078524377,99.95064601198952,572
1024425,6.0,0.00029731318078524377,99.9509433251703,573
14111,6.0,0.00029731318078524377,99.95124063835108,574
621018,6.0,0.00029731318078524377,99.95153795153186,575
146802,6.0,0.00029731318078524377,99.95183526471264,576
909832,6.0,0.00029731318078524377,99.95213257789342,577
146808,6.0,0.00029731318078524377,99.9524298910742,578
1048856,6.0,0.00029731318078524377,99.95272720425498,579
7000876,6.0,0.00029731318078524377,99.95302451743576,580
7000265,6.0,0.00029731318078524377,99.95332183061655,581
1050296,6.0,0.00029731318078524377,99.95361914379733,582
1067655,5.0,0.00024776098398770314,99.95386690478131,583
1056171,5.0,0.00024776098398770314,99.95411466576529,584
308502,5.0,0.00024776098398770314,99.95436242674927,585
895558,5.0,0.00024776098398770314,99.95461018773325,586
7000219,5.0,0.00024776098398770314,99.95485794871723,587
7000864,5.0,0.00024776098398770314,99.95510570970121,588
917950,5.0,0.00024776098398770314,99.9553534706852,589
1050487,5.0,0.00024776098398770314,99.95560123166918,590
1008660,5.0,0.00024776098398770314,99.95584899265316,591
691833,5.0,0.00024776098398770314,99.95609675363714,592
1273250,5.0,0.00024776098398770314,99.95634451462112,593
575952,5.0,0.00024776098398770314,99.9565922756051,594
1047018,5.0,0.00024776098398770314,99.95684003658909,595
146806,5.0,0.00024776098398770314,99.95708779757307,596
7001810,5.0,0.00024776098398770314,99.95733555855705,597
146801,5.0,0.00024776098398770314,99.95758331954103,598
616328,5.0,0.00024776098398770314,99.95783108052501,599
903276,5.0,0.00024776098398770314,99.95807884150899,600
429901,5.0,0.00024776098398770314,99.95832660249297,601
1070428,5.0,0.00024776098398770314,99.95857436347696,602
435743,5.0,0.00024776098398770314,99.95882212446094,603
1233083,5.0,0.00024776098398770314,99.95906988544492,604
1051658,5.0,0.00024776098398770314,99.9593176464289,605
26707,5.0,0.00024776098398770314,99.95956540741288,606
1046923,5.0,0.00024776098398770314,99.95981316839686,607
1163406,5.0,0.00024776098398770314,99.96006092938084,608
1060963,5.0,0.00024776098398770314,99.96030869036483,609
3200004,5.0,0.00024776098398770314,99.96055645134881,610
4118175,4.0,0.0001982087871901625,99.960754660136,611
26348,4.0,0.0001982087871901625,99.9609528689232,612
1061004,4.0,0.0001982087871901625,99.9611510777104,613
889209,4.0,0.0001982087871901625,99.9613492864976,614
1046305,4.0,0.0001982087871901625,99.96154749528479,615
1049095,4.0,0.0001982087871901625,99.96174570407199,616
7001094,4.0,0.0001982087871901625,99.96194391285918,617
1009505,4.0,0.0001982087871901625,99.96214212164638,618
905867,4.0,0.0001982087871901625,99.96234033043358,619
1049960,4.0,0.0001982087871901625,99.96253853922077,620
146809,4.0,0.0001982087871901625,99.96273674800797,621
7001239,4.0,0.0001982087871901625,99.96293495679517,622
1067529,4.0,0.0001982087871901625,99.96313316558236,623
783000,4.0,0.0001982087871901625,99.96333137436956,624
1069123,4.0,0.0001982087871901625,99.96352958315676,625
1077823,4.0,0.0001982087871901625,99.96372779194395,626
7001823,4.0,0.0001982087871901625,99.96392600073115,627
1051889,4.0,0.0001982087871901625,99.96412420951835,628
1052006,4.0,0.0001982087871901625,99.96432241830554,629
910003,4.0,0.0001982087871901625,99.96452062709274,630
1050669,4.0,0.0001982087871901625,99.96471883587994,631
1050598,4.0,0.0001982087871901625,99.96491704466713,632
917505,4.0,0.0001982087871901625,99.96511525345433,633
1067732,4.0,0.0001982087871901625,99.96531346224153,634
1049606,4.0,0.0001982087871901625,99.96551167102872,635
1096808,4.0,0.0001982087871901625,99.96570987981592,636
357504,4.0,0.0001982087871901625,99.96590808860311,637
35998,4.0,0.0001982087871901625,99.96610629739031,638
323210,4.0,0.0001982087871901625,99.96630450617751,639
1045702,4.0,0.0001982087871901625,99.9665027149647,640
4104925,4.0,0.0001982087871901625,99.9667009237519,641
1065970,4.0,0.0001982087871901625,99.9668991325391,642
1048933,4.0,0.0001982087871901625,99.9670973413263,643
1077011,4.0,0.0001982087871901625,99.96729555011349,644
1160503,4.0,0.0001982087871901625,99.96749375890069,645
837503,4.0,0.0001982087871901625,99.96769196768788,646
7002594,4.0,0.0001982087871901625,99.96789017647508,647
1049148,4.0,0.0001982087871901625,99.96808838526228,648
122506,4.0,0.0001982087871901625,99.96828659404947,649
300192,4.0,0.0001982087871901625,99.96848480283667,650
1057331,3.0,0.00014865659039262188,99.96863345942707,651
1050300,3.0,0.00014865659039262188,99.96878211601747,652
1045174,3.0,0.00014865659039262188,99.96893077260786,653
1025668,3.0,0.00014865659039262188,99.96907942919826,654
1023893,3.0,0.00014865659039262188,99.96922808578866,655
1045138,3.0,0.00014865659039262188,99.96937674237905,656
7000796,3.0,0.00014865659039262188,99.96952539896945,657
7000679,3.0,0.00014865659039262188,99.96967405555985,658
7000722,3.0,0.00014865659039262188,99.96982271215025,659
1067654,3.0,0.00014865659039262188,99.96997136874064,660
919550,3.0,0.00014865659039262188,99.97012002533104,661
1126170,3.0,0.00014865659039262188,99.97026868192144,662
1144234,3.0,0.00014865659039262188,99.97041733851184,663
368915,3.0,0.00014865659039262188,99.97056599510223,664
7000528,3.0,0.00014865659039262188,99.97071465169263,665
356000,3.0,0.00014865659039262188,99.97086330828303,666
31688,3.0,0.00014865659039262188,99.97101196487343,667
7000294,3.0,0.00014865659039262188,99.97116062146382,668
1051353,3.0,0.00014865659039262188,99.97130927805422,669
1048929,3.0,0.00014865659039262188,99.97145793464462,670
903744,3.0,0.00014865659039262188,99.97160659123502,671
435956,3.0,0.00014865659039262188,99.97175524782541,672
1046108,3.0,0.00014865659039262188,99.97190390441581,673
169352,3.0,0.00014865659039262188,99.97205256100621,674
1050302,3.0,0.00014865659039262188,99.9722012175966,675
7001835,3.0,0.00014865659039262188,99.972349874187,676
7002601,3.0,0.00014865659039262188,99.9724985307774,677
903866,3.0,0.00014865659039262188,99.9726471873678,678
1069491,3.0,0.00014865659039262188,99.9727958439582,679
7005802,3.0,0.00014865659039262188,99.97294450054859,680
7004993,3.0,0.00014865659039262188,99.97309315713899,681
1070392,3.0,0.00014865659039262188,99.97324181372939,682
725000,3.0,0.00014865659039262188,99.97339047031979,683
4171450,3.0,0.00014865659039262188,99.97353912691018,684
4173655,3.0,0.00014865659039262188,99.97368778350058,685
84879,3.0,0.00014865659039262188,99.97383644009098,686
796633,3.0,0.00014865659039262188,99.97398509668137,687
13068,3.0,0.00014865659039262188,99.97413375327177,688
146800,3.0,0.00014865659039262188,99.97428240986217,689
890274,3.0,0.00014865659039262188,99.97443106645257,690
1255375,3.0,0.00014865659039262188,99.97457972304296,691
90831,3.0,0.00014865659039262188,99.97472837963336,692
7001232,3.0,0.00014865659039262188,99.97487703622376,693
564996,3.0,0.00014865659039262188,99.97502569281416,694
132027,3.0,0.00014865659039262188,99.97517434940455,695
13084,3.0,0.00014865659039262188,99.97532300599495,696
889995,3.0,0.00014865659039262188,99.97547166258535,697
1060887,3.0,0.00014865659039262188,99.97562031917575,698
1048767,3.0,0.00014865659039262188,99.97576897576614,699
7000992,3.0,0.00014865659039262188,99.97591763235654,700
7001070,3.0,0.00014865659039262188,99.97606628894694,701
7001077,3.0,0.00014865659039262188,99.97621494553734,702
1049135,3.0,0.00014865659039262188,99.97636360212773,703
1049125,3.0,0.00014865659039262188,99.97651225871813,704
1049000,3.0,0.00014865659039262188,99.97666091530853,705
1067994,3.0,0.00014865659039262188,99.97680957189893,706
1000708,3.0,0.00014865659039262188,99.97695822848932,707
919501,2.0,9.910439359508126e-05,99.97705733288292,708
1050647,2.0,9.910439359508126e-05,99.97715643727652,709
7000516,2.0,9.910439359508126e-05,99.97725554167012,710
7000558,2.0,9.910439359508126e-05,99.97735464606372,711
7000634,2.0,9.910439359508126e-05,99.97745375045731,712
7000646,2.0,9.910439359508126e-05,99.97755285485091,713
907116,2.0,9.910439359508126e-05,99.97765195924451,714
909071,2.0,9.910439359508126e-05,99.97775106363811,715
1067534,2.0,9.910439359508126e-05,99.97785016803171,716
1067610,2.0,9.910439359508126e-05,99.9779492724253,717
1049471,2.0,9.910439359508126e-05,99.9780483768189,718
1066811,2.0,9.910439359508126e-05,99.9781474812125,719
1067298,2.0,9.910439359508126e-05,99.9782465856061,720
902558,2.0,9.910439359508126e-05,99.9783456899997,721
1070437,2.0,9.910439359508126e-05,99.9784447943933,722
1071023,2.0,9.910439359508126e-05,99.9785438987869,723
904858,2.0,9.910439359508126e-05,99.9786430031805,724
1155863,2.0,9.910439359508126e-05,99.97874210757409,725
7000182,2.0,9.910439359508126e-05,99.97884121196769,726
7000206,2.0,9.910439359508126e-05,99.97894031636129,727
7000248,2.0,9.910439359508126e-05,99.97903942075489,728
7000326,2.0,9.910439359508126e-05,99.97913852514849,729
7000367,2.0,9.910439359508126e-05,99.97923762954208,730
1045934,2.0,9.910439359508126e-05,99.97933673393568,731
1080916,2.0,9.910439359508126e-05,99.97943583832928,732
1085537,2.0,9.910439359508126e-05,99.97953494272288,733
1085613,2.0,9.910439359508126e-05,99.97963404711648,734
1066808,2.0,9.910439359508126e-05,99.97973315151008,735
1162267,2.0,9.910439359508126e-05,99.97983225590367,736
1167457,2.0,9.910439359508126e-05,99.97993136029727,737
12247,2.0,9.910439359508126e-05,99.98003046469087,738
1155109,2.0,9.910439359508126e-05,99.98012956908447,739
1051269,2.0,9.910439359508126e-05,99.98022867347807,740
896175,2.0,9.910439359508126e-05,99.98032777787166,741
897861,2.0,9.910439359508126e-05,99.98042688226526,742
13107,2.0,9.910439359508126e-05,99.98052598665886,743
131832,2.0,9.910439359508126e-05,99.98062509105246,744
1361075,2.0,9.910439359508126e-05,99.98072419544606,745
7000828,2.0,9.910439359508126e-05,99.98082329983966,746
7000829,2.0,9.910439359508126e-05,99.98092240423325,747
7000961,2.0,9.910439359508126e-05,99.98102150862685,748
881095,2.0,9.910439359508126e-05,99.98112061302045,749
1234163,2.0,9.910439359508126e-05,99.98121971741405,750
15846,2.0,9.910439359508126e-05,99.98131882180765,751
146805,2.0,9.910439359508126e-05,99.98141792620125,752
146810,2.0,9.910439359508126e-05,99.98151703059484,753
1048787,2.0,9.910439359508126e-05,99.98161613498844,754
4103703,2.0,9.910439359508126e-05,99.98171523938204,755
4116577,2.0,9.910439359508126e-05,99.98181434377564,756
7001051,2.0,9.910439359508126e-05,99.98191344816924,757
7001061,2.0,9.910439359508126e-05,99.98201255256284,758
621097,2.0,9.910439359508126e-05,99.98211165695643,759
1060543,2.0,9.910439359508126e-05,99.98221076135003,760
863918,2.0,9.910439359508126e-05,99.98230986574363,761
865613,2.0,9.910439359508126e-05,99.98240897013723,762
244154,2.0,9.910439359508126e-05,99.98250807453083,763
24941,2.0,9.910439359508126e-05,99.98260717892443,764
4129500,2.0,9.910439359508126e-05,99.98270628331802,765
1054767,2.0,9.910439359508126e-05,99.98280538771162,766
1055478,2.0,9.910439359508126e-05,99.98290449210522,767
39916,2.0,9.910439359508126e-05,99.98300359649882,768
403248,2.0,9.910439359508126e-05,99.98310270089242,769
4137860,2.0,9.910439359508126e-05,99.98320180528601,770
4139285,2.0,9.910439359508126e-05,99.98330090967961,771
1046899,2.0,9.910439359508126e-05,99.98340001407321,772
856310,2.0,9.910439359508126e-05,99.98349911846681,773
4121780,2.0,9.910439359508126e-05,99.98359822286041,774
4128270,2.0,9.910439359508126e-05,99.983697327254,775
4163095,2.0,9.910439359508126e-05,99.9837964316476,776
556462,2.0,9.910439359508126e-05,99.9838955360412,777
57532,2.0,9.910439359508126e-05,99.9839946404348,778
598278,2.0,9.910439359508126e-05,99.9840937448284,779
7001282,2.0,9.910439359508126e-05,99.984192849222,780
7001527,2.0,9.910439359508126e-05,99.9842919536156,781
7000998,2.0,9.910439359508126e-05,99.9843910580092,782
7001028,2.0,9.910439359508126e-05,99.98449016240279,783
79421,2.0,9.910439359508126e-05,99.98458926679639,784
800386,2.0,9.910439359508126e-05,99.98468837118999,785
705816,2.0,9.910439359508126e-05,99.98478747558359,786
4176800,2.0,9.910439359508126e-05,99.98488657997719,787
4177223,2.0,9.910439359508126e-05,99.98498568437078,788
419402,2.0,9.910439359508126e-05,99.98508478876438,789
430033,2.0,9.910439359508126e-05,99.98518389315798,790
4144270,2.0,9.910439359508126e-05,99.98528299755158,791
4144600,2.0,9.910439359508126e-05,99.98538210194518,792
7001822,2.0,9.910439359508126e-05,99.98548120633878,793
7001828,2.0,9.910439359508126e-05,99.98558031073237,794
7001831,2.0,9.910439359508126e-05,99.98567941512597,795
7001816,2.0,9.910439359508126e-05,99.98577851951957,796
7001817,2.0,9.910439359508126e-05,99.98587762391317,797
46366,2.0,9.910439359508126e-05,99.98597672830677,798
525846,2.0,9.910439359508126e-05,99.98607583270037,799
1060869,2.0,9.910439359508126e-05,99.98617493709396,800
1064691,2.0,9.910439359508126e-05,99.98627404148756,801
7001141,2.0,9.910439359508126e-05,99.98637314588116,802
7001833,2.0,9.910439359508126e-05,99.98647225027476,803
7005123,2.0,9.910439359508126e-05,99.98657135466836,804
7001802,2.0,9.910439359508126e-05,99.98667045906195,805
917296,2.0,9.910439359508126e-05,99.98676956345555,806
7000276,2.0,9.910439359508126e-05,99.98686866784915,807
7000285,2.0,9.910439359508126e-05,99.98696777224275,808
1067666,2.0,9.910439359508126e-05,99.98706687663635,809
919471,2.0,9.910439359508126e-05,99.98716598102995,810
1045144,2.0,9.910439359508126e-05,99.98726508542354,811
1067842,2.0,9.910439359508126e-05,99.98736418981714,812
1048952,2.0,9.910439359508126e-05,99.98746329421074,813
1008644,2.0,9.910439359508126e-05,99.98756239860434,814
1003324,2.0,9.910439359508126e-05,99.98766150299794,815
9999999,2.0,9.910439359508126e-05,99.98776060739154,816
1009196,1.0,4.955219679754063e-05,99.98781015958834,817
1028764,1.0,4.955219679754063e-05,99.98785971178513,818
1048965,1.0,4.955219679754063e-05,99.98790926398193,819
1048953,1.0,4.955219679754063e-05,99.98795881617873,820
1067997,1.0,4.955219679754063e-05,99.98800836837553,821
1067751,1.0,4.955219679754063e-05,99.98805792057233,822
1067741,1.0,4.955219679754063e-05,99.98810747276913,823
1031506,1.0,4.955219679754063e-05,99.98815702496593,824
1030655,1.0,4.955219679754063e-05,99.98820657716273,825
1030633,1.0,4.955219679754063e-05,99.98825612935953,826
918043,1.0,4.955219679754063e-05,99.98830568155633,827
918020,1.0,4.955219679754063e-05,99.98835523375313,828
7000325,1.0,4.955219679754063e-05,99.98840478594992,829
7000279,1.0,4.955219679754063e-05,99.98845433814672,830
7000268,1.0,4.955219679754063e-05,99.98850389034352,831
918941,1.0,4.955219679754063e-05,99.98855344254032,832
918929,1.0,4.955219679754063e-05,99.98860299473712,833
1022167,1.0,4.955219679754063e-05,99.98865254693392,834
102011,1.0,4.955219679754063e-05,99.98870209913072,835
10144,1.0,4.955219679754063e-05,99.98875165132752,836
910080,1.0,4.955219679754063e-05,99.98880120352432,837
7001809,1.0,4.955219679754063e-05,99.98885075572112,838
7001808,1.0,4.955219679754063e-05,99.98890030791792,839
7001801,1.0,4.955219679754063e-05,99.98894986011472,840
7005804,1.0,4.955219679754063e-05,99.98899941231151,841
7005803,1.0,4.955219679754063e-05,99.98904896450831,842
7004994,1.0,4.955219679754063e-05,99.98909851670511,843
7004694,1.0,4.955219679754063e-05,99.98914806890191,844
7003696,1.0,4.955219679754063e-05,99.98919762109871,845
7003593,1.0,4.955219679754063e-05,99.98924717329551,846
7003494,1.0,4.955219679754063e-05,99.98929672549231,847
7003095,1.0,4.955219679754063e-05,99.98934627768911,848
7002595,1.0,4.955219679754063e-05,99.98939582988591,849
7002444,1.0,4.955219679754063e-05,99.9894453820827,850
7001149,1.0,4.955219679754063e-05,99.9894949342795,851
514484,1.0,4.955219679754063e-05,99.9895444864763,852
504284,1.0,4.955219679754063e-05,99.9895940386731,853
498688,1.0,4.955219679754063e-05,99.9896435908699,854
486006,1.0,4.955219679754063e-05,99.9896931430667,855
46374,1.0,4.955219679754063e-05,99.9897426952635,856
7001821,1.0,4.955219679754063e-05,99.9897922474603,857
7001819,1.0,4.955219679754063e-05,99.9898417996571,858
7001814,1.0,4.955219679754063e-05,99.9898913518539,859
7001824,1.0,4.955219679754063e-05,99.9899409040507,860
4143775,1.0,4.955219679754063e-05,99.9899904562475,861
441069,1.0,4.955219679754063e-05,99.9900400084443,862
4182850,1.0,4.955219679754063e-05,99.9900895606411,863
4177980,1.0,4.955219679754063e-05,99.9901391128379,864
739033,1.0,4.955219679754063e-05,99.9901886650347,865
730194,1.0,4.955219679754063e-05,99.9902382172315,866
727008,1.0,4.955219679754063e-05,99.99028776942829,867
72064,1.0,4.955219679754063e-05,99.99033732162509,868
7005896,1.0,4.955219679754063e-05,99.99038687382189,869
1066129,1.0,4.955219679754063e-05,99.99043642601869,870
1065566,1.0,4.955219679754063e-05,99.99048597821549,871
1065312,1.0,4.955219679754063e-05,99.99053553041229,872
1050306,1.0,4.955219679754063e-05,99.99058508260909,873
84123,1.0,4.955219679754063e-05,99.99063463480589,874
837921,1.0,4.955219679754063e-05,99.99068418700269,875
833625,1.0,4.955219679754063e-05,99.99073373919948,876
803197,1.0,4.955219679754063e-05,99.99078329139628,877
75300,1.0,4.955219679754063e-05,99.99083284359308,878
4170950,1.0,4.955219679754063e-05,99.99088239578988,879
7001035,1.0,4.955219679754063e-05,99.99093194798668,880
7000994,1.0,4.955219679754063e-05,99.99098150018348,881
7001233,1.0,4.955219679754063e-05,99.99103105238028,882
57620,1.0,4.955219679754063e-05,99.99108060457708,883
572674,1.0,4.955219679754063e-05,99.99113015677388,884
556310,1.0,4.955219679754063e-05,99.99117970897068,885
7001222,1.0,4.955219679754063e-05,99.99122926116748,886
7001212,1.0,4.955219679754063e-05,99.99127881336427,887
7001211,1.0,4.955219679754063e-05,99.99132836556107,888
4166245,1.0,4.955219679754063e-05,99.99137791775787,889
4157048,1.0,4.955219679754063e-05,99.99142746995467,890
4148788,1.0,4.955219679754063e-05,99.99147702215147,891
4129000,1.0,4.955219679754063e-05,99.99152657434827,892
4128530,1.0,4.955219679754063e-05,99.99157612654507,893
4127580,1.0,4.955219679754063e-05,99.99162567874187,894
4124070,1.0,4.955219679754063e-05,99.99167523093867,895
4120937,1.0,4.955219679754063e-05,99.99172478313547,896
856314,1.0,4.955219679754063e-05,99.99177433533227,897
85384,1.0,4.955219679754063e-05,99.99182388752907,898
1046745,1.0,4.955219679754063e-05,99.99187343972586,899
1046715,1.0,4.955219679754063e-05,99.99192299192266,900
4140350,1.0,4.955219679754063e-05,99.99197254411946,901
4103450,1.0,4.955219679754063e-05,99.99202209631626,902
391256,1.0,4.955219679754063e-05,99.99207164851306,903
372505,1.0,4.955219679754063e-05,99.99212120070986,904
369259,1.0,4.955219679754063e-05,99.99217075290666,905
859507,1.0,4.955219679754063e-05,99.99222030510346,906
1059885,1.0,4.955219679754063e-05,99.99226985730026,907
1055577,1.0,4.955219679754063e-05,99.99231940949706,908
1055410,1.0,4.955219679754063e-05,99.99236896169386,909
4134040,1.0,4.955219679754063e-05,99.99241851389066,910
4132300,1.0,4.955219679754063e-05,99.99246806608745,911
4130336,1.0,4.955219679754063e-05,99.99251761828425,912
25043,1.0,4.955219679754063e-05,99.99256717048105,913
200575,1.0,4.955219679754063e-05,99.99261672267785,914
19543,1.0,4.955219679754063e-05,99.99266627487465,915
871035,1.0,4.955219679754063e-05,99.99271582707145,916
866503,1.0,4.955219679754063e-05,99.99276537926825,917
865148,1.0,4.955219679754063e-05,99.99281493146505,918
864670,1.0,4.955219679754063e-05,99.99286448366185,919
35996,1.0,4.955219679754063e-05,99.99291403585865,920
7000823,1.0,4.955219679754063e-05,99.99296358805545,921
7000821,1.0,4.955219679754063e-05,99.99301314025224,922
7000819,1.0,4.955219679754063e-05,99.99306269244904,923
7000812,1.0,4.955219679754063e-05,99.99311224464584,924
1048757,1.0,4.955219679754063e-05,99.99316179684264,925
684507,1.0,4.955219679754063e-05,99.99321134903944,926
669337,1.0,4.955219679754063e-05,99.99326090123624,927
6500437,1.0,4.955219679754063e-05,99.99331045343304,928
6500434,1.0,4.955219679754063e-05,99.99336000562984,929
63084,1.0,4.955219679754063e-05,99.99340955782664,930
7001068,1.0,4.955219679754063e-05,99.99345911002344,931
7001063,1.0,4.955219679754063e-05,99.99350866222024,932
4117260,1.0,4.955219679754063e-05,99.99355821441704,933
4114929,1.0,4.955219679754063e-05,99.99360776661383,934
1048851,1.0,4.955219679754063e-05,99.99365731881063,935
1048795,1.0,4.955219679754063e-05,99.99370687100743,936
14672,1.0,4.955219679754063e-05,99.99375642320423,937
19239,1.0,4.955219679754063e-05,99.99380597540103,938
169800,1.0,4.955219679754063e-05,99.99385552759783,939
16531,1.0,4.955219679754063e-05,99.99390507979463,940
15791,1.0,4.955219679754063e-05,99.99395463199143,941
15670,1.0,4.955219679754063e-05,99.99400418418823,942
27539,1.0,4.955219679754063e-05,99.99405373638503,943
27525,1.0,4.955219679754063e-05,99.99410328858183,944
26310,1.0,4.955219679754063e-05,99.99415284077863,945
257516,1.0,4.955219679754063e-05,99.99420239297542,946
1248282,1.0,4.955219679754063e-05,99.99425194517222,947
1236863,1.0,4.955219679754063e-05,99.99430149736902,948
1232587,1.0,4.955219679754063e-05,99.99435104956582,949
884709,1.0,4.955219679754063e-05,99.99440060176262,950
881436,1.0,4.955219679754063e-05,99.99445015395942,951
881200,1.0,4.955219679754063e-05,99.99449970615622,952
1046630,1.0,4.955219679754063e-05,99.99454925835302,953
1046164,1.0,4.955219679754063e-05,99.99459881054982,954
1375566,1.0,4.955219679754063e-05,99.99464836274662,955
1370250,1.0,4.955219679754063e-05,99.99469791494342,956
7000168,1.0,4.955219679754063e-05,99.99474746714021,957
7000136,1.0,4.955219679754063e-05,99.99479701933701,958
7000117,1.0,4.955219679754063e-05,99.99484657153381,959
7000792,1.0,4.955219679754063e-05,99.99489612373061,960
7000931,1.0,4.955219679754063e-05,99.99494567592741,961
7000928,1.0,4.955219679754063e-05,99.99499522812421,962
7000917,1.0,4.955219679754063e-05,99.99504478032101,963
7000903,1.0,4.955219679754063e-05,99.99509433251781,964
7000898,1.0,4.955219679754063e-05,99.99514388471461,965
7000883,1.0,4.955219679754063e-05,99.9951934369114,966
7000866,1.0,4.955219679754063e-05,99.9952429891082,967
7000841,1.0,4.955219679754063e-05,99.995292541305,968
7000830,1.0,4.955219679754063e-05,99.9953420935018,969
1326750,1.0,4.955219679754063e-05,99.9953916456986,970
899848,1.0,4.955219679754063e-05,99.9954411978954,971
898939,1.0,4.955219679754063e-05,99.9954907500922,972
898158,1.0,4.955219679754063e-05,99.995540302289,973
897968,1.0,4.955219679754063e-05,99.9955898544858,974
897308,1.0,4.955219679754063e-05,99.9956394066826,975
1051284,1.0,4.955219679754063e-05,99.9956889588794,976
1051209,1.0,4.955219679754063e-05,99.9957385110762,977
1050903,1.0,4.955219679754063e-05,99.995788063273,978
894756,1.0,4.955219679754063e-05,99.9958376154698,979
893406,1.0,4.955219679754063e-05,99.9958871676666,980
129546,1.0,4.955219679754063e-05,99.9959367198634,981
12914,1.0,4.955219679754063e-05,99.9959862720602,982
1248409,1.0,4.955219679754063e-05,99.99603582425699,983
1135250,1.0,4.955219679754063e-05,99.99608537645379,984
11889,1.0,4.955219679754063e-05,99.99613492865059,985
1171298,1.0,4.955219679754063e-05,99.99618448084739,986
1170390,1.0,4.955219679754063e-05,99.99623403304419,987
1166009,1.0,4.955219679754063e-05,99.99628358524099,988
1165039,1.0,4.955219679754063e-05,99.99633313743779,989
1158622,1.0,4.955219679754063e-05,99.99638268963459,990
9000020,1.0,4.955219679754063e-05,99.99643224183139,991
9000010,1.0,4.955219679754063e-05,99.99648179402818,992
9000006,1.0,4.955219679754063e-05,99.99653134622498,993
9000005,1.0,4.955219679754063e-05,99.99658089842178,994
9000002,1.0,4.955219679754063e-05,99.99663045061858,995
1066297,1.0,4.955219679754063e-05,99.99668000281538,996
900058,1.0,4.955219679754063e-05,99.99672955501218,997
9000060,1.0,4.955219679754063e-05,99.99677910720898,998
1045427,1.0,4.955219679754063e-05,99.99682865940578,999
9000034,1.0,4.955219679754063e-05,99.99687821160258,1000
9000032,1.0,4.955219679754063e-05,99.99692776379938,1001
9000031,1.0,4.955219679754063e-05,99.99697731599618,1002
7000386,1.0,4.955219679754063e-05,99.99702686819298,1003
7000378,1.0,4.955219679754063e-05,99.99707642038977,1004
7000264,1.0,4.955219679754063e-05,99.99712597258657,1005
7000258,1.0,4.955219679754063e-05,99.99717552478337,1006
7000254,1.0,4.955219679754063e-05,99.99722507698017,1007
7000231,1.0,4.955219679754063e-05,99.99727462917697,1008
7000230,1.0,4.955219679754063e-05,99.99732418137377,1009
7000227,1.0,4.955219679754063e-05,99.99737373357057,1010
7000203,1.0,4.955219679754063e-05,99.99742328576737,1011
7000184,1.0,4.955219679754063e-05,99.99747283796417,1012
7000171,1.0,4.955219679754063e-05,99.99752239016097,1013
9000026,1.0,4.955219679754063e-05,99.99757194235777,1014
1158608,1.0,4.955219679754063e-05,99.99762149455456,1015
1155531,1.0,4.955219679754063e-05,99.99767104675136,1016
904863,1.0,4.955219679754063e-05,99.99772059894816,1017
90476,1.0,4.955219679754063e-05,99.99777015114496,1018
904477,1.0,4.955219679754063e-05,99.99781970334176,1019
903739,1.0,4.955219679754063e-05,99.99786925553856,1020
903456,1.0,4.955219679754063e-05,99.99791880773536,1021
903220,1.0,4.955219679754063e-05,99.99796835993216,1022
902792,1.0,4.955219679754063e-05,99.99801791212896,1023
902247,1.0,4.955219679754063e-05,99.99806746432576,1024
902134,1.0,4.955219679754063e-05,99.99811701652256,1025
901052,1.0,4.955219679754063e-05,99.99816656871936,1026
906680,1.0,4.955219679754063e-05,99.99821612091615,1027
1049138,1.0,4.955219679754063e-05,99.99826567311295,1028
1049137,1.0,4.955219679754063e-05,99.99831522530975,1029
1049302,1.0,4.955219679754063e-05,99.99836477750655,1030
1049167,1.0,4.955219679754063e-05,99.99841432970335,1031
1067644,1.0,4.955219679754063e-05,99.99846388190015,1032
1067637,1.0,4.955219679754063e-05,99.99851343409695,1033
1067495,1.0,4.955219679754063e-05,99.99856298629375,1034
906186,1.0,4.955219679754063e-05,99.99861253849055,1035
909041,1.0,4.955219679754063e-05,99.99866209068735,1036
906902,1.0,4.955219679754063e-05,99.99871164288415,1037
7000781,1.0,4.955219679754063e-05,99.99876119508095,1038
7000775,1.0,4.955219679754063e-05,99.99881074727774,1039
7000587,1.0,4.955219679754063e-05,99.99886029947454,1040
7000579,1.0,4.955219679754063e-05,99.99890985167134,1041
7000543,1.0,4.955219679754063e-05,99.99895940386814,1042
7000532,1.0,4.955219679754063e-05,99.99900895606494,1043
7000525,1.0,4.955219679754063e-05,99.99905850826174,1044
7000388,1.0,4.955219679754063e-05,99.99910806045854,1045
905059,1.0,4.955219679754063e-05,99.99915761265534,1046
904934,1.0,4.955219679754063e-05,99.99920716485214,1047
904908,1.0,4.955219679754063e-05,99.99925671704894,1048
904890,1.0,4.955219679754063e-05,99.99930626924574,1049
1009367,1.0,4.955219679754063e-05,99.99935582144253,1050
93444,1.0,4.955219679754063e-05,99.99940537363933,1051
0552321,1.0,4.955219679754063e-05,99.99945492583613,1052
92546,1.0,4.955219679754063e-05,99.99950447803293,1053
1050696,1.0,4.955219679754063e-05,99.99955403022973,1054
1050530,1.0,4.955219679754063e-05,99.99960358242653,1055
1050501,1.0,4.955219679754063e-05,99.99965313462333,1056
1050443,1.0,4.955219679754063e-05,99.99970268682013,1057
1050421,1.0,4.955219679754063e-05,99.99975223901693,1058
1050417,1.0,4.955219679754063e-05,99.99980179121373,1059
1045259,1.0,4.955219679754063e-05,99.99985134341053,1060
1024842,1.0,4.955219679754063e-05,99.99990089560733,1061
10135,1.0,4.955219679754063e-05,99.99995044780412,1062
1010243,1.0,4.955219679754063e-05,100.00000000000092,1063
