zone,vendor_id,vendor_id_plot,quantity,share_pct
,UNKNOWN_FAMILY,UNKNOWN_FAMILY,0.0,0.0
A,ACC,ACC,41285.0,22.75570890771495
A,S2E,S2E,35930.0,19.804108539522783
A,ESS,ESS,24095.0,13.280823692173712
A,CRD,CRD,17255.0,9.510712297508089
A,AVE,AVE,13089.0,7.214471936371103
A,S2B,S2B,9324.0,5.139257111675771
A,QUA,QUA,4829.0,2.6616765971988734
A,AMP,AMP,4769.0,2.628605444614087
A,FEL,FEL,4380.0,2.4141941386893904
A,RED,RED,3617.0,1.9936393149861928
A,DBL,DBL,3223.0,1.7764720796794302
A,PAC,PAC,2789.0,1.5372574093161437
A,ELD,ELD,2533.0,1.3961538249543892
A,SAM,SAM,1950.0,1.0748124590055503
A,RIV,RIV,1611.0,0.8879604469015087
A,WEV,WEV,1566.0,0.8631570824629189
A,TOP,TOP,1410.0,0.777172085742475
A,ROA,ROA,1322.0,0.7286677286181219
A,BSP,BSP,901.0,0.49661847464820563
A,MEA,MEA,789.0,0.43488565648993804
A,RDC,RDC,754.0,0.4155941508154795
A,UMI,UMI,700.0,0.38583011348917196
A,KLF,KLF,545.0,0.300396302645141
A,BIM,BIM,473.0,0.2607109195433976
A,KTK,KTK,280.0,0.15433204539566878
A,RAM,RAM,225.0,0.12401682219294813
A,TCO,TCO,203.0,0.11189073291185986
A,BND,BND,196.0,0.10803243177696815
A,SAF,SAF,143.0,0.0788195803270737
A,MMF,MMF,134.0,0.07385890743935578
A,AAG,AAG,117.0,0.06448874754033303
A,RAN,RAN,114.0,0.06283518991109371
A,ROG,ROG,103.0,0.05677214527054959
A,A2E,A2E,91.0,0.05015791475359235
A,GEN,GEN,91.0,0.05015791475359235
A,WAU,WAU,82.0,0.045197241865874434
A,AVT,AVT,63.0,0.03472471021402548
A,KCS,KCS,53.0,0.02921285144989445
A,MAS,MAS,46.0,0.02535455031500273
A,MMM,MMM,28.0,0.015433204539566878
A,RUC,RUC,27.0,0.014882018663153775
A,CBI,CBI,25.0,0.013779646910327572
A,OKI,OKI,25.0,0.013779646910327572
A,ACP,ACP,24.0,0.013228461033914465
A,DOT,DOT,21.0,0.011574903404675159
A,GRB,GRB,21.0,0.011574903404675159
A,SYO,SYO,19.0,0.010472531651848953
A,CLI,CLI,18.0,0.00992134577543585
A,FIA,FIA,13.0,0.007165416393370336
A,GBC,GBC,13.0,0.007165416393370336
A,SID,SID,13.0,0.007165416393370336
A,DEF,DEF,12.0,0.006614230516957233
A,BDT,BDT,11.0,0.006063044640544131
A,OLY,OLY,11.0,0.006063044640544131
A,XER,XER,11.0,0.006063044640544131
A,MCN,MCN,8.0,0.004409487011304823
A,VCT,VCT,8.0,0.004409487011304823
A,IDE,IDE,7.0,0.0038583011348917195
A,LTH,LTH,6.0,0.0033071152584786163
A,PMC,PMC,5.0,0.0027559293820655136
A,ARS,ARS,3.0,0.0016535576292393082
A,MCG,MCG,3.0,0.0016535576292393082
A,MFE,MFE,3.0,0.0016535576292393082
A,NEC,NEC,3.0,0.0016535576292393082
A,SOU,SOU,3.0,0.0016535576292393082
A,VER,VER,3.0,0.0016535576292393082
A,X3R,X3R,3.0,0.0016535576292393082
A,AAI,AAI,0.0,0.0
A,E3D,E3D,0.0,0.0
A,SPR,SPR,0.0,0.0
B,SAN,SAN,260633.0,31.5385118030581
B,RDC,RDC,72856.0,8.81611237227673
B,MMM,MMM,56755.0,6.867772835299299
B,AVE,AVE,48841.0,5.910120571735584
B,PIL,PIL,30713.0,3.7164991118059625
B,ACC,ACC,30418.0,3.680801939990029
B,PEN,PEN,25888.0,3.1326385897317994
B,BIC,BIC,25638.0,3.102386749209822
B,ESS,ESS,14933.0,1.8070029380587513
B,TOP,TOP,14284.0,1.7284691600636983
B,BAU,BAU,13060.0,1.580356148868097
B,ACM,ACM,10789.0,1.3055484295664548
B,AVT,AVT,10236.0,1.238631358331841
B,ZPC,ZPC,9579.0,1.1591295214400843
B,ANG,ANG,9212.0,1.1147198195538217
B,OIC,OIC,7753.0,0.9381700782675618
B,S2E,S2E,7649.0,0.9255853126104193
B,H2W,H2W,7539.0,0.9122745027807492
B,RAM,RAM,6965.0,0.8428162769422891
B,S2A,S2A,6919.0,0.8372499382862454
B,BIN,BIN,6764.0,0.8184937971626194
B,BOS,BOS,6437.0,0.778924389759873
B,DIX,DIX,6285.0,0.7605312707225108
B,RTG,RTG,5377.0,0.650656585946689
B,ALL,ALL,5070.0,0.6135073257857008
B,AMP,AMP,4870.0,0.5893058533681189
B,BRT,BRT,4578.0,0.5539717036384494
B,FSK,FSK,3932.0,0.47580094772965986
B,TOM,TOM,3876.0,0.4690245354527369
B,ROG,ROG,3867.0,0.46793546919394574
B,BOR,BOR,3583.0,0.4335693783609795
B,LEP,LEP,3425.0,0.4144502151510898
B,CPM,CPM,3356.0,0.406100707167024
B,G2C,G2C,3140.0,0.37996311695603563
B,CHA,CHA,3119.0,0.3774219623521895
B,STD,STD,2985.0,0.3612069758324096
B,MMF,MMF,2955.0,0.35757675496977237
B,MAX,MAX,2883.0,0.3488642248994429
B,PMC,PMC,2846.0,0.3443869525021902
B,QUA,QUA,2702.0,0.3269618923615313
B,EPS,EPS,2566.0,0.3105048911175756
B,NUK,NUK,2550.0,0.30856877332416904
B,OPS,OPS,2516.0,0.3044545230131801
B,BIM,BIM,2376.0,0.2875134923208728
B,LEE,LEE,2217.0,0.2682733217488952
B,RED,RED,2116.0,0.2560515781780163
B,HUN,HUN,2049.0,0.24794408491812642
B,GBC,GBC,1909.0,0.23100305422581907
B,LEX,LEX,1704.0,0.20619654499779766
B,SOF,SOF,1642.0,0.1986940885483473
B,WTB,WTB,1622.0,0.19627394130658907
B,ELD,ELD,1615.0,0.19542688977197376
B,TEI,TEI,1604.0,0.19409580878900673
B,NUD,NUD,1557.0,0.18840846277087497
B,FEL,FEL,1543.0,0.18671435970164424
B,CRD,CRD,1505.0,0.1821160799423037
B,DUC,DUC,1323.0,0.16009274004230417
B,TAB,TAB,1321.0,0.15985072531812836
B,MEA,MEA,1320.0,0.15972971795604043
B,COX,COX,1289.0,0.15597848973131523
B,CLI,CLI,1287.0,0.15573647500713944
B,CPA,CPA,1256.0,0.15198524678241424
B,VER,VER,1229.0,0.1487180480060407
B,S2B,S2B,1209.0,0.1462979007642825
B,INU,INU,1159.0,0.14024753265988704
B,IMN,IMN,1154.0,0.1396424958494475
B,DOM,DOM,1072.0,0.1297198921582389
B,FAL,FAL,1035.0,0.12524261976098625
B,LEO,LEO,1028.0,0.1243955682263709
B,CRO,CRO,1024.0,0.12391153877801926
B,MFE,MFE,1020.0,0.12342750932966762
B,SUG,SUG,1007.0,0.12185441362252479
B,GEO,GEO,975.0,0.1179821780357117
B,OKI,OKI,916.0,0.11084274367252503
B,ITY,ITY,869.0,0.1051553976543933
B,VEK,VEK,819.0,0.09910502954999782
B,SHR,SHR,817.0,0.09886301482582201
B,A2G,A2G,811.0,0.09813697065329453
B,BIG,BIG,803.0,0.09716891175659127
B,WAU,WAU,786.0,0.09511178660109681
B,PAC,PAC,777.0,0.09402272034230563
B,CNM,CNM,660.0,0.07986485897802022
B,SOY,SOY,527.0,0.06377087982032827
B,UTC,UTC,518.0,0.06268181356153708
B,LIL,LIL,487.0,0.05893058533681189
B,HOU,HOU,465.0,0.05626842337087788
B,SPZ,SPZ,458.0,0.055421371836262515
B,FBC,FBC,442.0,0.05348525404285597
B,MOK,MOK,429.0,0.051912158335713145
B,WIM,WIM,424.0,0.0513071215252736
B,ASG,ASG,422.0,0.05106510680109778
B,SAU,SAU,422.0,0.05106510680109778
B,NYR,NYR,417.0,0.05046006999065823
B,CMC,CMC,383.0,0.04634581967966931
B,XER,XER,383.0,0.04634581967966931
B,VCT,VCT,349.0,0.04223156936868039
B,PAL,PAL,328.0,0.03969041476483429
B,BSP,BSP,323.0,0.03908537795439474
B,AUT,AUT,322.0,0.03896437059230684
B,TEX,TEX,320.0,0.03872235586813102
B,SLT,SLT,319.0,0.03860134850604311
B,X3R,X3R,316.0,0.038238326419779374
B,DEF,DEF,301.0,0.03642321598846074
B,SMC,SMC,290.0,0.035092135005493734
B,AGP,AGP,284.0,0.034366090832966274
B,MNB,MNB,272.0,0.03291400248791136
B,IDK,IDK,233.0,0.028194715366482895
B,WDF,WDF,231.0,0.02795270064230708
B,CSO,CSO,224.0,0.027105649107691712
B,NCG,NCG,218.0,0.026379604935164256
B,PTI,PTI,211.0,0.02553255340054889
B,JOJ,JOJ,203.0,0.024564494503845614
B,MAS,MAS,201.0,0.024322479779669795
B,AOP,AOP,199.0,0.024080465055493976
B,AAG,AAG,195.0,0.02359643560714234
B,DWI,DWI,187.0,0.022628376710439064
B,AKM,AKM,169.0,0.020450244192856695
B,MXB,MXB,168.0,0.020329236830768784
B,KOK,KOK,166.0,0.020087222106592965
B,PFI,PFI,165.0,0.019966214744505054
B,J2J,J2J,164.0,0.019845207382417147
B,TCO,TCO,159.0,0.019240170571977598
B,KLF,KLF,152.0,0.018393119037362234
B,SBK,SBK,147.0,0.017788082226922686
B,PEL,PEL,146.0,0.017667074864834778
B,TXC,TXC,143.0,0.017304052778571048
B,TLH,TLH,138.0,0.016699015968131503
B,BAL,BAL,136.0,0.01645700124395568
B,PHC,PHC,131.0,0.015851964433516136
B,RIV,RIV,129.0,0.015609949709340315
B,CVC,CVC,122.0,0.014762898174724952
B,TXD,TXD,115.0,0.013915846640109584
B,UNG,UNG,108.0,0.013068795105494217
B,CDB,CDB,104.0,0.012584765657142581
B,GEP,GEP,94.0,0.011374692036263486
B,FIA,FIA,93.0,0.011253684674175576
B,SAH,SAH,93.0,0.011253684674175576
B,WEV,WEV,91.0,0.011011669949999758
B,LIO,LIO,90.0,0.010890662587911848
B,UNS,UNS,89.0,0.010769655225823939
B,IBI,IBI,85.0,0.010285625777472301
B,SAM,SAM,85.0,0.010285625777472301
B,AAE,AAE,76.0,0.009196559518681117
B,WLY,WLY,70.0,0.008470515346153661
B,SMN,SMN,62.0,0.007502456449450384
B,SPR,SPR,53.0,0.0064133901906592
B,VUR,VUR,52.0,0.006292382828571291
B,SOU,SOU,51.0,0.006171375466483381
B,TBL,TBL,48.0,0.005808353380219652
B,WBI,WBI,48.0,0.005808353380219652
B,PLN,PLN,46.0,0.0055663386560438335
B,SAF,SAF,44.0,0.005324323931868015
B,N2K,N2K,42.0,0.005082309207692196
B,PCE,PCE,39.0,0.004719287121428468
B,PUR,PUR,39.0,0.004719287121428468
B,KCS,KCS,38.0,0.004598279759340559
B,FWH,FWH,35.0,0.0042352576730768305
B,COS,COS,30.0,0.0036302208626372828
B,CCP,CCP,28.0,0.003388206138461464
B,PRE,PRE,27.0,0.0032671987763735542
B,HRZ,HRZ,26.0,0.0031461914142856453
B,NYB,NYB,25.0,0.0030251840521977355
B,DTM,DTM,23.0,0.0027831693280219168
B,NPT,NPT,21.0,0.002541154603846098
B,LTH,LTH,16.0,0.001936117793406551
B,AAI,AAI,13.0,0.0015730957071428226
B,ACP,ACP,11.0,0.0013310809829670037
B,VII,VII,11.0,0.0013310809829670037
B,H3W,H3W,10.0,0.0012100736208790943
B,I2C,I2C,10.0,0.0012100736208790943
B,ILC,ILC,10.0,0.0012100736208790943
B,EGP,EGP,8.0,0.0009680588967032755
B,SON,SON,8.0,0.0009680588967032755
B,UMI,UMI,7.0,0.000847051534615366
B,SEB,SEB,4.0,0.00048402944835163774
B,BHC,BHC,3.0,0.00036302208626372827
B,BDY,BDY,2.0,0.00024201472417581887
B,CAT,CAT,2.0,0.00024201472417581887
B,KTK,KTK,2.0,0.00024201472417581887
B,S2F,S2F,2.0,0.00024201472417581887
B,G2P,G2P,1.0,0.00012100736208790944
B,TRH,TRH,1.0,0.00012100736208790944
B,A2E,A2E,0.0,0.0
B,BON,BON,0.0,0.0
B,BUL,BUL,0.0,0.0
B,EWP,EWP,0.0,0.0
B,GIL,GIL,0.0,0.0
B,GOJ,GOJ,0.0,0.0
B,HEW,HEW,0.0,0.0
B,MAT,MAT,0.0,0.0
B,MCG,MCG,0.0,0.0
B,PAT,PAT,0.0,0.0
B,RAY,RAY,0.0,0.0
B,S2N,S2N,0.0,0.0
B,TXT,TXT,0.0,0.0
B,UNKNOWN_FAMILY,UNKNOWN_FAMILY,0.0,0.0
C,AVE,AVE,46272.0,16.576925143747648
C,RDC,RDC,38161.0,13.67116269905243
C,MMM,MMM,16040.0,5.746323463557061
C,GUS,GUS,11704.0,4.1929532305157
C,G2C,G2C,10919.0,3.911727300410196
C,GBC,GBC,7687.0,2.753864617478998
C,TOP,TOP,6786.0,2.431081734644527
C,ESS,ESS,5553.0,1.9893599871030145
C,ACC,ACC,5269.0,1.8876171028355455
C,RED,RED,3998.0,1.432281870779372
C,S2E,S2E,3877.0,1.3889336700879502
C,AVT,AVT,3801.0,1.3617067010586275
C,NUK,NUK,3625.0,1.298654772780196
C,QUA,QUA,3613.0,1.294355777670303
C,CLI,CLI,3588.0,1.2853995378580256
C,LIO,LIO,3436.0,1.2309455997993803
C,A2G,A2G,3143.0,1.1259784691994912
C,NUD,NUD,3111.0,1.1145144822397763
C,PMC,PMC,2911.0,1.0428645637415588
C,EPS,EPS,2835.0,1.015637594712236
C,S2B,S2B,2829.0,1.0134880971572895
C,OIC,OIC,2761.0,0.9891271248678954
C,VER,VER,2494.0,0.8934744836727747
C,H2W,H2W,2419.0,0.8666057642359433
C,FSK,FSK,2375.0,0.8508427821663352
C,MMF,MMF,2277.0,0.8157343221022085
C,WAU,WAU,2166.0,0.7759686173356978
C,BRT,BRT,2048.0,0.7336951654217493
C,GEO,GEO,1981.0,0.7096924427248464
C,ROG,ROG,1956.0,0.7007362029125692
C,SAU,SAU,1838.0,0.6584627509986207
C,PAC,PAC,1784.0,0.6391172730041019
C,SOY,SOY,1772.0,0.6348182778942089
C,CRD,CRD,1676.0,0.6004263170150643
C,FEL,FEL,1652.0,0.5918283267952783
C,DEF,DEF,1597.0,0.5721245992082684
C,LEO,LEO,1592.0,0.570333351245813
C,AAG,AAG,1559.0,0.558511114693607
C,MEA,MEA,1531.0,0.5484801261038565
C,N2K,N2K,1475.0,0.5284181489243556
C,SOU,SOU,1302.0,0.4664409694233973
C,DTM,DTM,1279.0,0.4582012287961022
C,HRZ,HRZ,1274.0,0.4564099808336468
C,IMN,IMN,1208.0,0.43276550772923494
C,SLT,SLT,1143.0,0.40947928421731417
C,MAX,MAX,1106.0,0.3962240492951439
C,HUN,HUN,1093.0,0.3915668045927597
C,ELD,ELD,1038.0,0.37186307700574994
C,LEX,LEX,994.0,0.35610009493614203
C,SPZ,SPZ,951.0,0.3406953624590252
C,TAB,TAB,933.0,0.3342468697941856
C,OKI,OKI,888.0,0.3181256381320866
C,LEE,LEE,881.0,0.31561789098464904
C,ACM,ACM,847.0,0.30343740483995196
C,MAS,MAS,823.0,0.2948394146201659
C,CPA,CPA,815.0,0.2919734178802372
C,JOJ,JOJ,798.0,0.28588317480788866
C,BSP,BSP,796.0,0.2851666756229065
C,RAM,RAM,784.0,0.2808676805130134
C,DUC,DUC,771.0,0.27621043581062926
C,CPM,CPM,758.0,0.2715531911082451
C,HHP,HHP,745.0,0.26689594640586095
C,BOR,BOR,727.0,0.2604474537410214
C,ADC,ADC,725.0,0.2597309545560392
C,CPB,CPB,725.0,0.2597309545560392
C,MAV,MAV,707.0,0.2532824618911996
C,CKC,CKC,691.0,0.24755046841134215
C,DAX,DAX,688.0,0.24647571963386894
C,RTG,RTG,637.0,0.2282049904168234
C,MNB,MNB,633.0,0.22677199204685902
C,TEI,TEI,633.0,0.22677199204685902
C,RIV,RIV,605.0,0.2167410034571086
C,MLK,MLK,590.0,0.21136725956974223
C,SAH,SAH,583.0,0.20885951242230463
C,AMP,AMP,579.0,0.20742651405234028
C,BIN,BIN,578.0,0.20706826445984916
C,CAF,CAF,532.0,0.1905887832052591
C,MNK,MNK,507.0,0.18163254339298188
C,UTC,UTC,503.0,0.18019954502301755
C,TBL,TBL,487.0,0.17446755154316013
C,CPL,CPL,483.0,0.17303455317319577
C,M2M,M2M,479.0,0.17160155480323142
C,WLG,WLG,467.0,0.16730255969333835
C,AOP,AOP,444.0,0.1590628190660433
C,VCT,VCT,436.0,0.1561968223261146
C,SAN,SAN,428.0,0.1533308255861859
C,TRP,TRP,427.0,0.1529725759936948
C,MCN,MCN,423.0,0.15153957762373046
C,MXB,MXB,423.0,0.15153957762373046
C,AKM,AKM,419.0,0.15010657925376608
C,ALL,ALL,407.0,0.14580758414387304
C,CSO,CSO,407.0,0.14580758414387304
C,INU,INU,386.0,0.13828434270156018
C,POA,POA,372.0,0.13326884840668493
C,COX,COX,371.0,0.13291059881419384
C,K2D,K2D,367.0,0.1314776004442295
C,FST,FST,354.0,0.12682035574184536
C,X3R,X3R,350.0,0.12538735737188098
C,BMT,BMT,342.0,0.12252136063195228
C,PLN,PLN,321.0,0.11499811918963943
C,GCM,GCM,302.0,0.10819137693230874
C,UMI,UMI,302.0,0.10819137693230874
C,SHR,SHR,298.0,0.1067583785623444
C,TEX,TEX,267.0,0.09565264119512064
C,TCO,TCO,265.0,0.09493614201013846
C,PAL,PAL,264.0,0.09457789241764737
C,NPT,NPT,251.0,0.08992064771526323
C,CNM,CNM,248.0,0.08884589893778995
C,CHA,CHA,244.0,0.08741290056782561
C,MFE,MFE,238.0,0.08526340301287907
C,BOS,BOS,234.0,0.08383040464291472
C,MAT,MAT,225.0,0.08060615831049493
C,XER,XER,224.0,0.08024790871800383
C,SAM,SAM,223.0,0.07988965912551274
C,BIG,BIG,217.0,0.07774016157056622
C,DRB,DRB,208.0,0.07451591523814641
C,MCG,MCG,206.0,0.07379941605316424
C,MHI,MHI,206.0,0.07379941605316424
C,SPR,SPR,204.0,0.07308291686818205
C,GEL,GEL,197.0,0.07057516972074444
C,SIL,SIL,194.0,0.06950042094327118
C,E2E,E2E,190.0,0.06806742257330682
C,VII,VII,188.0,0.06735092338832464
C,JAV,JAV,177.0,0.06341017787092268
C,IDE,IDE,176.0,0.06305192827843159
C,S2F,S2F,176.0,0.06305192827843159
C,ACP,ACP,174.0,0.062335429093449406
C,G4P,G4P,172.0,0.061618929908467235
C,KTK,KTK,170.0,0.06090243072348505
C,DUR,DUR,167.0,0.05982768194601178
C,LIS,LIS,167.0,0.05982768194601178
C,SMC,SMC,167.0,0.05982768194601178
C,NYR,NYR,166.0,0.059469432353520695
C,CUI,CUI,165.0,0.05911118276102961
C,CMC,CMC,164.0,0.058752933168538524
C,SBK,SBK,158.0,0.05660343561359199
C,RAY,RAY,156.0,0.05588693642860982
C,VUR,VUR,156.0,0.05588693642860982
C,ASG,ASG,155.0,0.055528686836118724
C,I2C,I2C,147.0,0.05266269009619001
C,IOM,IOM,146.0,0.052304440503698924
C,EGP,EGP,144.0,0.05158794131871675
C,PHC,PHC,144.0,0.05158794131871675
C,HVR,HVR,132.0,0.047288946208823686
C,IDC,IDC,131.0,0.0469306966163326
C,SUG,SUG,120.0,0.042989951098930626
C,BAL,BAL,119.0,0.04263170150643954
C,HOR,HOR,115.0,0.04119870313647518
C,LCC,LCC,115.0,0.04119870313647518
C,PFI,PFI,115.0,0.04119870313647518
C,DOT,DOT,113.0,0.040482203951493004
C,BEI,BEI,109.0,0.03904920558152865
C,FAL,FAL,108.0,0.03869095598903756
C,MEV,MEV,106.0,0.03797445680405538
C,TXD,TXD,104.0,0.037257957619073204
C,WIM,WIM,98.0,0.03510846006412668
C,LTH,LTH,91.0,0.032600712916689055
C,VEK,VEK,89.0,0.03188421373170688
C,MOK,MOK,88.0,0.031525964139215795
C,PRE,PRE,87.0,0.031167714546724703
C,CBI,CBI,86.0,0.030809464954233617
C,BAU,BAU,82.0,0.029376466584269262
C,CHE,CHE,81.0,0.029018216991778173
C,SYO,SYO,79.0,0.028301717806795995
C,CAO,CAO,78.0,0.02794346821430491
C,PCE,PCE,76.0,0.027226969029322732
C,CVR,CVR,73.0,0.026152220251849462
C,AAE,AAE,70.0,0.0250774714743762
C,TXC,TXC,69.0,0.02471922188188511
C,AAL,AAL,67.0,0.024002722696902932
C,COS,COS,67.0,0.024002722696902932
C,H3W,H3W,67.0,0.024002722696902932
C,BDY,BDY,65.0,0.023286223511920754
C,NSP,NSP,65.0,0.023286223511920754
C,PAT,PAT,59.0,0.021136725956974224
C,RAN,RAN,58.0,0.020778476364483135
C,EUK,EUK,53.0,0.01898722840202769
C,KOK,KOK,43.0,0.015404732477116809
C,DBL,DBL,42.0,0.01504648288462572
C,SAF,SAF,40.0,0.014329983699643542
C,CCP,CCP,35.0,0.0125387357371881
C,BDT,BDT,34.0,0.01218048614469701
C,SON,SON,34.0,0.01218048614469701
C,STK,STK,34.0,0.01218048614469701
C,GOL,GOL,33.0,0.011822236552205921
C,DGV,DGV,32.0,0.011463986959714833
C,J2J,J2J,32.0,0.011463986959714833
C,URI,URI,32.0,0.011463986959714833
C,KCS,KCS,31.0,0.011105737367223744
C,JCC,JCC,30.0,0.010747487774732657
C,ECF,ECF,29.0,0.010389238182241568
C,SID,SID,29.0,0.010389238182241568
C,VTE,VTE,26.0,0.009314489404768301
C,ROA,ROA,24.0,0.008597990219786125
C,WEV,WEV,24.0,0.008597990219786125
C,ZPC,ZPC,24.0,0.008597990219786125
C,GEN,GEN,22.0,0.007881491034803949
C,PSP,PSP,20.0,0.007164991849821771
C,STD,STD,19.0,0.006806742257330683
C,WLY,WLY,17.0,0.006090243072348505
C,APK,APK,16.0,0.005731993479857416
C,FWH,FWH,16.0,0.005731993479857416
C,NCG,NCG,15.0,0.005373743887366328
C,SMN,SMN,14.0,0.005015494294875239
C,ILC,ILC,13.0,0.0046572447023841505
C,SHW,SHW,13.0,0.0046572447023841505
C,GEW,GEW,12.0,0.004298995109893062
C,PTI,PTI,12.0,0.004298995109893062
C,PUR,PUR,12.0,0.004298995109893062
C,GPL,GPL,11.0,0.003940745517401974
C,GRB,GRB,9.0,0.003224246332419797
C,HLX,HLX,8.0,0.002865996739928708
C,LPL,LPL,8.0,0.002865996739928708
C,RBM,RBM,8.0,0.002865996739928708
C,BLK,BLK,7.0,0.0025077471474376197
C,NWC,NWC,7.0,0.0025077471474376197
C,LAK,LAK,6.0,0.002149497554946531
C,FUT,FUT,4.0,0.001432998369964354
C,HWL,HWL,3.0,0.0010747487774732656
C,ASD,ASD,2.0,0.000716499184982177
C,B2I,B2I,1.0,0.0003582495924910885
C,RUC,RUC,1.0,0.0003582495924910885
C,AAI,AAI,0.0,0.0
C,AOS,AOS,0.0,0.0
C,ARS,ARS,0.0,0.0
C,BFD,BFD,0.0,0.0
C,BIM,BIM,0.0,0.0
C,BON,BON,0.0,0.0
C,BRA,BRA,0.0,0.0
C,BUL,BUL,0.0,0.0
C,COK,COK,0.0,0.0
C,ECI,ECI,0.0,0.0
C,G2P,G2P,0.0,0.0
C,GIL,GIL,0.0,0.0
C,KNY,KNY,0.0,0.0
C,NEC,NEC,0.0,0.0
C,NYB,NYB,0.0,0.0
C,PIL,PIL,0.0,0.0
C,S3R,S3R,0.0,0.0
C,UKP,UKP,0.0,0.0
C,UNKNOWN_FAMILY,UNKNOWN_FAMILY,0.0,0.0
C,VIO,VIO,0.0,0.0
C,VRT,VRT,0.0,0.0
F,G2C,G2C,27024.0,16.107286544479212
F,SAN,SAN,18517.0,11.036805245119952
F,ACC,ACC,16563.0,9.87215020116227
F,RDC,RDC,13687.0,8.15794963492773
F,INU,INU,12485.0,7.441513932349873
F,SPZ,SPZ,7722.0,4.602592758158248
F,S2B,S2B,7478.0,4.457159886753092
F,S2E,S2E,7114.0,4.240202652361794
F,ESS,ESS,6236.0,3.7168827298465206
F,QUA,QUA,5879.0,3.5040977499627477
F,AVE,AVE,5057.0,3.014155863507674
F,PMC,PMC,3979.0,2.37162866934883
F,FEL,FEL,3453.0,2.0581135449262407
F,RAM,RAM,2045.0,1.2188943525555058
F,H2W,H2W,1900.0,1.1324690806139175
F,UNS,UNS,1704.0,1.0156459544032186
F,RTG,RTG,1692.0,1.0084935181046044
F,ASG,ASG,1552.0,0.9250484279541051
F,AVT,AVT,1547.0,0.9220682461630159
F,ELD,ELD,1382.0,0.8237222470570704
F,AOP,AOP,1275.0,0.7599463567277605
F,PAC,PAC,1053.0,0.6276262852033974
F,MMM,MMM,847.0,0.50484279541052
F,RUC,RUC,840.0,0.5006705409029951
F,BRT,BRT,816.0,0.48636566830576666
F,IMP,IMP,792.0,0.4720607957085382
F,ROA,ROA,768.0,0.45775592311130975
F,G4P,G4P,746.0,0.4446431232305171
F,BIM,BIM,702.0,0.4184175234689316
F,SUG,SUG,696.0,0.41484130531962454
F,GBC,GBC,666.0,0.39696021457308894
F,COX,COX,658.0,0.3921919237073462
F,AKM,AKM,590.0,0.3516614513485323
F,CKC,CKC,548.0,0.3266279243033825
F,ROG,ROG,545.0,0.32483981522872896
F,ALL,ALL,480.0,0.2860974519445686
F,E2E,E2E,480.0,0.2860974519445686
F,CPM,CPM,460.0,0.2741767247802116
F,NUD,NUD,459.0,0.27358068842199373
F,WIM,WIM,382.0,0.2276858888392192
F,SOU,SOU,366.0,0.2181493071077336
F,SNA,SNA,360.0,0.21457308895842644
F,CRD,CRD,350.0,0.20861272537624795
F,BIC,BIC,324.0,0.19311578006258381
F,SCC,SCC,323.0,0.19251974370436598
F,GOL,GOL,288.0,0.17165847116674118
F,BOS,BOS,276.0,0.16450603486812695
F,GUS,GUS,268.0,0.15973774400238414
F,IRS,IRS,254.0,0.15139323498733423
F,TOP,TOP,238.0,0.1418566532558486
F,BND,BND,200.0,0.11920727164357026
F,CMC,CMC,189.0,0.1126508717031739
F,N2K,N2K,183.0,0.1090746535538668
F,SAF,SAF,180.0,0.10728654447921322
F,WAU,WAU,177.0,0.10549843540455968
F,DEF,DEF,156.0,0.0929816718819848
F,CLI,CLI,150.0,0.08940545373267769
F,PAT,PAT,138.0,0.08225301743406348
F,PRE,PRE,136.0,0.08106094471762777
F,CYC,CYC,133.0,0.07927283564297422
F,MAS,MAS,119.0,0.0709283266279243
F,CBI,CBI,112.0,0.06675607212039934
F,WEV,WEV,107.0,0.0637758903293101
F,URI,URI,106.0,0.06317985397109224
F,BDY,BDY,93.0,0.055431381314260175
F,SBK,SBK,88.0,0.05245119952317092
F,UNG,UNG,86.0,0.051259126806735215
F,CNM,CNM,79.0,0.047086872299210256
F,SHW,SHW,79.0,0.047086872299210256
F,SHR,SHR,77.0,0.04589479958277455
F,LTH,LTH,68.0,0.040530472358813886
F,XER,XER,65.0,0.038742363284160336
F,MAX,MAX,64.0,0.038146326925942484
F,LEX,LEX,54.0,0.032185963343763974
F,RIV,RIV,51.0,0.030397854269110416
F,MMF,MMF,50.0,0.029801817910892564
F,LAK,LAK,49.0,0.02920578155267471
F,BHC,BHC,47.0,0.028013708836239014
F,PAL,PAL,47.0,0.028013708836239014
F,MFE,MFE,42.0,0.025033527045149752
F,VUR,VUR,42.0,0.025033527045149752
F,WBI,WBI,41.0,0.0244374906869319
F,CSO,CSO,40.0,0.02384145432871405
F,GIL,GIL,39.0,0.0232454179704962
F,FSK,FSK,37.0,0.022053345254060497
F,AAI,AAI,35.0,0.020861272537624796
F,GEN,GEN,35.0,0.020861272537624796
F,HRZ,HRZ,32.0,0.019073163462971242
F,CUI,CUI,31.0,0.01847712710475339
F,SMC,SMC,31.0,0.01847712710475339
F,TEI,TEI,31.0,0.01847712710475339
F,CPB,CPB,30.0,0.017881090746535537
F,RAN,RAN,28.0,0.016689018030099836
F,SID,SID,27.0,0.016092981671881987
F,GRB,GRB,26.0,0.015496945313664133
F,EUK,EUK,25.0,0.014900908955446282
F,MEV,MEV,25.0,0.014900908955446282
F,AMP,AMP,23.0,0.013708836239010579
F,NEC,NEC,16.0,0.009536581731485621
F,AAG,AAG,15.0,0.008940545373267769
F,HUN,HUN,15.0,0.008940545373267769
F,SEE,SEE,15.0,0.008940545373267769
F,PTI,PTI,14.0,0.008344509015049918
F,VCT,VCT,14.0,0.008344509015049918
F,HWL,HWL,12.0,0.007152436298614215
F,KCS,KCS,11.0,0.006556399940396365
F,KTK,KTK,11.0,0.006556399940396365
F,SML,SML,11.0,0.006556399940396365
F,OKI,OKI,8.0,0.0047682908657428105
F,D2B,D2B,7.0,0.004172254507524959
F,GEL,GEL,7.0,0.004172254507524959
F,MAT,MAT,7.0,0.004172254507524959
F,EPS,EPS,6.0,0.0035762181493071074
F,VER,VER,6.0,0.0035762181493071074
F,X3R,X3R,6.0,0.0035762181493071074
F,ECI,ECI,5.0,0.0029801817910892563
F,ODC,ODC,5.0,0.0029801817910892563
F,AAL,AAL,2.0,0.0011920727164357026
F,BIN,BIN,2.0,0.0011920727164357026
F,BSH,BSH,2.0,0.0011920727164357026
F,CCP,CCP,2.0,0.0011920727164357026
F,HHM,HHM,2.0,0.0011920727164357026
F,KOK,KOK,2.0,0.0011920727164357026
F,MCG,MCG,2.0,0.0011920727164357026
F,ICE,ICE,1.0,0.0005960363582178513
F,A2G,A2G,0.0,0.0
F,AAE,AAE,0.0,0.0
F,BUL,BUL,0.0,0.0
F,PAG,PAG,0.0,0.0
L,E2E,E2E,3376.0,22.25004942990839
L,MAX,MAX,2682.0,17.676135240229353
L,DUR,DUR,2532.0,16.687537072431294
L,RAY,RAY,853.0,5.621828247544982
L,PRS,PRS,835.0,5.5031964674092135
L,SOY,SOY,786.0,5.180254399261846
L,CRO,CRO,477.0,3.1437421735978384
L,KOE,KOE,453.0,2.9855664667501483
L,IMN,IMN,436.0,2.873525341066368
L,POL,POL,380.0,2.504448691755091
L,RDC,RDC,377.0,2.4846767283991302
L,SAN,SAN,325.0,2.141962696895802
L,PSP,PSP,312.0,2.0562841890199697
L,FBC,FBC,245.0,1.614710340736835
L,ACC,ACC,207.0,1.364265471561326
L,PAL,PAL,168.0,1.10722994793383
L,HRZ,HRZ,124.0,0.8172411520463982
L,VER,VER,108.0,0.7117906808146048
L,IOM,IOM,69.0,0.4547551571871086
L,SON,SON,60.0,0.39543926711922495
L,FUT,FUT,45.0,0.2965794503394187
L,ACM,ACM,41.0,0.27021683253147033
L,MTR,MTR,36.0,0.23726356027153495
L,JOJ,JOJ,33.0,0.21749159691557374
L,ZPC,ZPC,33.0,0.21749159691557374
L,TOM,TOM,25.0,0.16476636129967706
L,MCN,MCN,20.0,0.13181308903974165
L,OLY,OLY,18.0,0.11863178013576747
L,BDT,BDT,16.0,0.10545047123179331
L,STD,STD,16.0,0.10545047123179331
L,SYO,SYO,15.0,0.09885981677980624
L,HEW,HEW,13.0,0.08567850787583207
L,FTI,FTI,12.0,0.07908785342384499
L,RBM,RBM,12.0,0.07908785342384499
L,C2M,C2M,6.0,0.03954392671192249
L,GIN,GIN,5.0,0.03295327225993541
L,KOD,KOD,5.0,0.03295327225993541
L,SHR,SHR,5.0,0.03295327225993541
L,LPL,LPL,4.0,0.026362617807948328
L,MHI,MHI,3.0,0.019771963355961247
L,MXB,MXB,3.0,0.019771963355961247
L,AVE,AVE,2.0,0.013181308903974164
L,BOS,BOS,0.0,0.0
L,H4W,H4W,0.0,0.0
L,H5W,H5W,0.0,0.0
R,S2E,S2E,55360.0,14.57352178525642
R,ESS,ESS,36323.0,9.562030921348788
R,RDC,RDC,31439.0,8.276317763848926
R,SAN,SAN,30615.0,8.059399737276468
R,AVE,AVE,27569.0,7.2575401390486665
R,ACC,ACC,25574.0,6.732356324713649
R,CRD,CRD,18103.0,4.765615333787879
R,S2B,S2B,10323.0,2.717530082897435
R,GUS,GUS,9301.0,2.4484885499398477
R,QUA,QUA,7906.0,2.0812547549537075
R,PAC,PAC,6805.0,1.7914164694485173
R,FSK,FSK,6032.0,1.5879241945207136
R,RED,RED,5702.0,1.5010516838788313
R,SAM,SAM,5621.0,1.479728431266733
R,LIO,LIO,5518.0,1.4526136779451755
R,FEL,FEL,5014.0,1.3199356616921185
R,TOP,TOP,4648.0,1.2235861498893033
R,CLI,CLI,4223.0,1.1117048861838486
R,BIC,BIC,4014.0,1.0566856294439895
R,MMM,MMM,3588.0,0.9445411157062867
R,GBC,GBC,3572.0,0.9403291151903167
R,AVT,AVT,3459.0,0.910581861546278
R,BSP,BSP,2898.0,0.7628985934550777
R,A2G,A2G,2851.0,0.7505258419394156
R,RIV,RIV,2798.0,0.7365735902302648
R,WEV,WEV,2640.0,0.6949800851350605
R,RAM,RAM,2587.0,0.6810278334259096
R,G2C,G2C,2550.0,0.6712875822327288
R,WAU,WAU,2498.0,0.6575985805558261
R,MEA,MEA,2380.0,0.6265350767505469
R,ELD,ELD,2318.0,0.6102135747511629
R,N2K,N2K,2251.0,0.5925758225905383
R,PMC,PMC,1901.0,0.5004383113036932
R,OIC,OIC,1814.0,0.47753555849810597
R,SOY,SOY,1420.0,0.3738150457923431
R,H2W,H2W,1287.0,0.33880279150334197
R,DBL,DBL,1258.0,0.33116854056814626
R,ALL,ALL,1184.0,0.31168803818178464
R,MAX,MAX,1134.0,0.2985255365693782
R,BOR,BOR,1118.0,0.29431353605340815
R,ROA,ROA,1041.0,0.2740432835703023
R,DEF,DEF,1039.0,0.273516783505806
R,SLT,SLT,1022.0,0.26904153295758776
R,RTG,RTG,1008.0,0.265356032506114
R,AMP,AMP,997.0,0.26246028215138456
R,ROG,ROG,991.0,0.26088078195789577
R,GEO,GEO,969.0,0.25508928124843694
R,NUD,NUD,900.0,0.23692502902331608
R,CPM,CPM,877.0,0.23087027828160908
R,BIM,BIM,864.0,0.2274480278623834
R,BOS,BOS,843.0,0.2219197771851727
R,SOU,SOU,689.0,0.18137927221896086
R,FAL,FAL,672.0,0.17690402167074265
R,SAU,SAU,630.0,0.16584752031632125
R,VER,VER,595.0,0.15663376918763672
R,EPS,EPS,576.0,0.15163201857492226
R,ACM,ACM,573.0,0.1508422684781779
R,BAU,BAU,568.0,0.14952601831693724
R,DAX,DAX,558.0,0.14689351799445594
R,NUK,NUK,557.0,0.14663026796220782
R,AKM,AKM,542.0,0.1426815174784859
R,BRT,BRT,510.0,0.13425751644654577
R,KLF,KLF,504.0,0.132678016253057
R,MMF,MMF,491.0,0.1292557658338313
R,UTC,UTC,480.0,0.1263600154791019
R,JOJ,JOJ,474.0,0.12478051528561312
R,DIX,DIX,436.0,0.11477701406018423
R,XER,XER,343.0,0.09029476106110823
R,OKI,OKI,341.0,0.08976826099661198
R,LEO,LEO,338.0,0.0889785108998676
R,LEX,LEX,336.0,0.08845201083537133
R,ADC,ADC,330.0,0.08687251064188256
R,BIG,BIG,315.0,0.08292376015816062
R,UMI,UMI,303.0,0.07976475977118307
R,MFE,MFE,300.0,0.07897500967443868
R,AAG,AAG,280.0,0.0737100090294761
R,DUC,DUC,280.0,0.0737100090294761
R,BIN,BIN,276.0,0.07265700890048359
R,HRZ,HRZ,254.0,0.06686550819102476
R,CPA,CPA,250.0,0.06581250806203223
R,I2C,I2C,250.0,0.06581250806203223
R,MLK,MLK,246.0,0.06475950793303972
R,SBK,SBK,232.0,0.06107400748156591
R,MNK,MNK,228.0,0.0600210073525734
R,CMC,CMC,226.0,0.05949450728807715
R,PTI,PTI,222.0,0.058441507159084624
R,VCT,VCT,218.0,0.057388507030092115
R,COX,COX,216.0,0.05686200696559585
R,IDE,IDE,209.0,0.05501925673985895
R,PFI,PFI,196.0,0.05159700632063328
R,LCC,LCC,190.0,0.0500175061271445
R,KTK,KTK,187.0,0.04922775603040012
R,MAT,MAT,185.0,0.048701255965903856
R,M2M,M2M,184.0,0.04843800593365573
R,MCG,MCG,176.0,0.046332005675670695
R,DOT,DOT,168.0,0.04422600541768566
R,MCN,MCN,160.0,0.04212000515970064
R,ANG,ANG,144.0,0.037908004643730564
R,LEE,LEE,144.0,0.037908004643730564
R,MAS,MAS,144.0,0.037908004643730564
R,E2E,E2E,138.0,0.03632850445024179
R,PAL,PAL,136.0,0.03580200438574554
R,DTM,DTM,134.0,0.035275504321249276
R,SAF,SAF,132.0,0.03474900425675302
R,NPT,NPT,129.0,0.03395925416000863
R,INU,INU,127.0,0.03343275409551238
R,X3R,X3R,124.0,0.03264300399876799
R,CBI,CBI,120.0,0.03159000386977547
R,CKC,CKC,119.0,0.031326753837527345
R,TBL,TBL,116.0,0.030537003740782956
R,PLN,PLN,111.0,0.029220753579542312
R,NYB,NYB,110.0,0.028957503547294185
R,ACP,ACP,106.0,0.027904503418301668
R,GEN,GEN,105.0,0.02764125338605354
R,EGP,EGP,96.0,0.025272003095820377
R,NYR,NYR,96.0,0.025272003095820377
R,VEK,VEK,96.0,0.025272003095820377
R,IMN,IMN,94.0,0.024745503031324122
R,AAE,AAE,90.0,0.023692502902331606
R,H3W,H3W,90.0,0.023692502902331606
R,PHC,PHC,90.0,0.023692502902331606
R,CYC,CYC,84.0,0.02211300270884283
R,WIM,WIM,84.0,0.02211300270884283
R,CSO,CSO,83.0,0.021849752676594704
R,TCO,TCO,83.0,0.021849752676594704
R,TEX,TEX,83.0,0.021849752676594704
R,TRP,TRP,80.0,0.02106000257985032
R,RAY,RAY,78.0,0.02053350251535406
R,BTC,BTC,74.0,0.01948050238636154
R,WLG,WLG,72.0,0.018954002321865282
R,AOP,AOP,66.0,0.01737450212837651
R,SHR,SHR,66.0,0.01737450212837651
R,FST,FST,65.0,0.01711125209612838
R,EUK,EUK,64.0,0.016848002063880253
R,MNB,MNB,60.0,0.015795001934887736
R,CVR,CVR,59.0,0.015531751902639609
R,BDY,BDY,53.0,0.013952251709150834
R,CNM,CNM,52.0,0.013689001676902705
R,IOM,IOM,52.0,0.013689001676902705
R,HUN,HUN,51.0,0.013425751644654576
R,POA,POA,49.0,0.01289925158015832
R,BAL,BAL,48.0,0.012636001547910189
R,BHC,BHC,48.0,0.012636001547910189
R,ECF,ECF,48.0,0.012636001547910189
R,WTB,WTB,48.0,0.012636001547910189
R,PRE,PRE,45.0,0.011846251451165803
R,SIL,SIL,45.0,0.011846251451165803
R,GRB,GRB,44.0,0.011583001418917674
R,KCS,KCS,44.0,0.011583001418917674
R,TXD,TXD,40.0,0.01053000128992516
R,URI,URI,40.0,0.01053000128992516
R,VUR,VUR,39.0,0.01026675125767703
R,MEV,MEV,38.0,0.0100035012254289
R,HOR,HOR,29.0,0.007634250935195739
R,PCE,PCE,29.0,0.007634250935195739
R,ASG,ASG,28.0,0.007371000902947612
R,BND,BND,28.0,0.007371000902947612
R,VTE,VTE,28.0,0.007371000902947612
R,MHI,MHI,25.0,0.006581250806203223
R,RUC,RUC,25.0,0.006581250806203223
R,CDB,CDB,24.0,0.006318000773955094
R,DUR,DUR,24.0,0.006318000773955094
R,FIA,FIA,24.0,0.006318000773955094
R,GOL,GOL,24.0,0.006318000773955094
R,IDC,IDC,24.0,0.006318000773955094
R,JCC,JCC,24.0,0.006318000773955094
R,WDF,WDF,24.0,0.006318000773955094
R,GCM,GCM,22.0,0.005791500709458837
R,NEC,NEC,22.0,0.005791500709458837
R,MSE,MSE,19.0,0.00500175061271445
R,HVR,HVR,18.0,0.0047385005804663205
R,HWL,HWL,18.0,0.0047385005804663205
R,LAK,LAK,18.0,0.0047385005804663205
R,CAO,CAO,17.0,0.004475250548218192
R,LTH,LTH,17.0,0.004475250548218192
R,BMT,BMT,16.0,0.004212000515970063
R,PAT,PAT,16.0,0.004212000515970063
R,K2D,K2D,15.0,0.003948750483721934
R,SEE,SEE,15.0,0.003948750483721934
R,J2J,J2J,12.0,0.003159000386977547
R,LIL,LIL,12.0,0.003159000386977547
R,RAN,RAN,12.0,0.003159000386977547
R,SML,SML,12.0,0.003159000386977547
R,TXC,TXC,12.0,0.003159000386977547
R,MAV,MAV,11.0,0.0028957503547294185
R,ARS,ARS,10.0,0.00263250032248129
R,CUI,CUI,10.0,0.00263250032248129
R,SPR,SPR,10.0,0.00263250032248129
R,SYO,SYO,8.0,0.0021060002579850316
R,AAL,AAL,7.0,0.001842750225736903
R,BDT,BDT,7.0,0.001842750225736903
R,CCM,CCM,7.0,0.001842750225736903
R,ODC,ODC,7.0,0.001842750225736903
R,DRB,DRB,6.0,0.0015795001934887736
R,JAV,JAV,6.0,0.0015795001934887736
R,S2F,S2F,6.0,0.0015795001934887736
R,ILC,ILC,5.0,0.001316250161240645
R,TAB,TAB,5.0,0.001316250161240645
R,H5W,H5W,4.0,0.0010530001289925158
R,SON,SON,4.0,0.0010530001289925158
R,A2E,A2E,1.0,0.00026325003224812895
R,MXB,MXB,1.0,0.00026325003224812895
R,NCS,NCS,1.0,0.00026325003224812895
R,SPZ,SPZ,1.0,0.00026325003224812895
W,INU,INU,78886.0,32.913050734312414
W,S2B,S2B,26664.0,11.12483311081442
W,QUA,QUA,25765.0,10.749749666221629
W,G4P,G4P,10435.0,4.353721628838452
W,XER,XER,8979.0,3.7462449933244324
W,FEL,FEL,8659.0,3.6127336448598135
W,IMP,IMP,7896.0,3.2943925233644857
W,H2W,H2W,5527.0,2.3059913217623498
W,RAM,RAM,5339.0,2.227553404539386
W,SPZ,SPZ,4004.0,1.6705607476635513
W,ACC,ACC,3982.0,1.661381842456609
W,GBC,GBC,3501.0,1.4606975967957276
W,VOT,VOT,3311.0,1.3814252336448598
W,SNA,SNA,3243.0,1.3530540720961282
W,ESS,ESS,3074.0,1.282543391188251
W,RDC,RDC,2897.0,1.2086949265687583
W,EGP,EGP,2736.0,1.1415220293724966
W,ELD,ELD,2465.0,1.028454606141522
W,GEP,GEP,2074.0,0.8653204272363151
W,WBI,WBI,1932.0,0.8060747663551402
W,PMC,PMC,1906.0,0.7952269692923899
W,PAC,PAC,1838.0,0.7668558077436582
W,DUC,DUC,1566.0,0.6533711615487316
W,D2F,D2F,1158.0,0.48314419225634175
W,SAN,SAN,1140.0,0.47563417890520693
W,ASG,ASG,1119.0,0.46687249666221625
W,MMF,MMF,1018.0,0.42473297730307075
W,AVE,AVE,864.0,0.3604806408544726
W,BRT,BRT,754.0,0.3145861148197597
W,S2E,S2E,747.0,0.3116655540720961
W,NLE,NLE,723.0,0.3016522029372497
W,OIC,OIC,704.0,0.2937249666221629
W,N2K,N2K,679.0,0.2832943925233645
W,UNS,UNS,660.0,0.27536715620827773
W,CAO,CAO,577.0,0.240737650200267
W,SCC,SCC,566.0,0.23614819759679573
W,CPM,CPM,544.0,0.22696929238985314
W,G2C,G2C,528.0,0.22029372496662217
W,RUC,RUC,518.0,0.21612149532710279
W,IRS,IRS,477.0,0.19901535380507343
W,ALL,ALL,470.0,0.1960947930574099
W,AKM,AKM,461.0,0.19233978638184246
W,BDY,BDY,391.0,0.16313417890520696
W,MMM,MMM,391.0,0.16313417890520696
W,BHC,BHC,379.0,0.15812750333778372
W,SAF,SAF,377.0,0.15729305740987984
W,AAI,AAI,336.0,0.14018691588785046
W,GOL,GOL,330.0,0.13768357810413887
W,NCE,NCE,313.0,0.13059078771695595
W,LEX,LEX,307.0,0.12808744993324434
W,URI,URI,297.0,0.12391522029372495
W,HSN,HSN,283.0,0.11807409879839786
W,PAT,PAT,273.0,0.11390186915887851
W,WAU,WAU,243.0,0.10138518024032042
W,AVT,AVT,241.0,0.10055073431241654
W,SHW,SHW,234.0,0.09763017356475301
W,MFE,MFE,229.0,0.09554405874499332
W,CRD,CRD,221.0,0.09220627503337783
W,CLI,CLI,180.0,0.07510013351134846
W,SPR,SPR,180.0,0.07510013351134846
W,CMC,CMC,175.0,0.07301401869158879
W,PRE,PRE,163.0,0.06800734312416555
W,RIV,RIV,162.0,0.06759012016021361
W,MSE,MSE,161.0,0.06717289719626168
W,SUG,SUG,153.0,0.0638351134846462
W,GRB,GRB,143.0,0.059662883845126836
W,SLT,SLT,138.0,0.05757676902536715
W,TOP,TOP,127.0,0.05298731642189586
W,LAK,LAK,125.0,0.05215287049399198
W,HEW,HEW,123.0,0.051318424566088115
W,GPL,GPL,122.0,0.05090120160213618
W,BIM,BIM,120.0,0.05006675567423231
W,AOP,AOP,119.0,0.04964953271028037
W,ARS,ARS,114.0,0.047563417890520696
W,GIL,GIL,110.0,0.045894526034712946
W,HRZ,HRZ,108.0,0.04506008010680908
W,EPS,EPS,107.0,0.044642857142857144
W,ROG,ROG,102.0,0.04255674232309747
W,SHR,SHR,96.0,0.04005340453938584
W,AMP,AMP,95.0,0.03963618157543391
W,NYB,NYB,92.0,0.038384512683578106
W,EUK,EUK,91.0,0.037967289719626166
W,HVR,HVR,85.0,0.035463951935914555
W,SYO,SYO,79.0,0.03296061415220294
W,NEC,NEC,69.0,0.028788384512683576
W,HUN,HUN,65.0,0.027119492656875833
W,COX,COX,58.0,0.024198931909212282
W,WER,WER,58.0,0.024198931909212282
W,CRA,CRA,53.0,0.0221128170894526
W,LCC,LCC,51.0,0.021278371161548734
W,MAT,MAT,49.0,0.020443925233644862
W,MJM,MJM,47.0,0.019609479305740987
W,CYC,CYC,46.0,0.019192256341789053
W,HNI,HNI,39.0,0.0162716955941255
W,DEF,DEF,35.0,0.014602803738317755
W,MAV,MAV,35.0,0.014602803738317755
W,CCM,CCM,33.0,0.013768357810413885
W,PAL,PAL,32.0,0.01335113484646195
W,CVR,CVR,31.0,0.012933911882510014
W,POM,POM,28.0,0.011682242990654207
W,SEE,SEE,27.0,0.01126502002670227
W,ANG,ANG,26.0,0.010847797062750334
W,ECI,ECI,24.0,0.01001335113484646
W,NWC,NWC,24.0,0.01001335113484646
W,BSH,BSH,21.0,0.008761682242990653
W,SML,SML,21.0,0.008761682242990653
W,AAL,AAL,19.0,0.007927236315086782
W,GIP,GIP,19.0,0.007927236315086782
W,GEN,GEN,17.0,0.007092790387182911
W,D2B,D2B,14.0,0.0058411214953271035
W,HWL,HWL,14.0,0.0058411214953271035
W,UMI,UMI,13.0,0.005423898531375167
W,MEV,MEV,12.0,0.00500667556742323
W,PTI,PTI,12.0,0.00500667556742323
W,SEB,SEB,11.0,0.0045894526034712954
W,FRB,FRB,10.0,0.004172229639519359
W,TRP,TRP,10.0,0.004172229639519359
W,BDT,BDT,9.0,0.0037550066755674236
W,LTH,LTH,9.0,0.0037550066755674236
W,NUK,NUK,9.0,0.0037550066755674236
W,AAG,AAG,8.0,0.0033377837116154874
W,CPA,CPA,8.0,0.0033377837116154874
W,ICE,ICE,8.0,0.0033377837116154874
W,POA,POA,8.0,0.0033377837116154874
W,TBL,TBL,8.0,0.0033377837116154874
W,BAU,BAU,7.0,0.0029205607476635517
W,GCM,GCM,7.0,0.0029205607476635517
W,VER,VER,7.0,0.0029205607476635517
W,KCS,KCS,6.0,0.002503337783711615
W,OKI,OKI,6.0,0.002503337783711615
W,CSO,CSO,5.0,0.0020861148197596794
W,TCO,TCO,5.0,0.0020861148197596794
W,FSK,FSK,4.0,0.0016688918558077437
W,HHM,HHM,4.0,0.0016688918558077437
W,RBM,RBM,4.0,0.0016688918558077437
W,UNG,UNG,4.0,0.0016688918558077437
W,X3R,X3R,4.0,0.0016688918558077437
W,CCP,CCP,3.0,0.0012516688918558076
W,CUI,CUI,3.0,0.0012516688918558076
W,HOR,HOR,3.0,0.0012516688918558076
W,LPL,LPL,3.0,0.0012516688918558076
W,NUD,NUD,3.0,0.0012516688918558076
W,SON,SON,3.0,0.0012516688918558076
W,ACM,ACM,2.0,0.0008344459279038719
W,E3D,E3D,2.0,0.0008344459279038719
W,GEO,GEO,2.0,0.0008344459279038719
W,S2R,S2R,2.0,0.0008344459279038719
